,file_name,old_hypotheses,old_tok_len,hypotheses,tok_len,old_captions,captions
0,000000064183.jpg,"['رجل', 'يرتدي', 'سترة', 'صفراء']",4,"['امرأ', '+', 'ة', 'في', 'ال', '+', 'شارع']",7,رجل يرتدي سترة صفراء,امرأة في الشارع
1,000000065288.jpg,"['اثنين', 'من', 'الكلاب', 'يلعبون', 'في', 'الثلج']",6,"['كلب', 'يقفز', 'في', 'ال', '+', 'هواء']",6,اثنين من الكلاب يلعبون في الثلج,كلب يقفز في الهواء
2,000000144000.jpg,"['مجموعة', 'من', 'الناس', 'يلعبون', 'كرة', 'القدم']",6,"['مجموع', '+', 'ة', 'من', 'ال', '+', 'ناس', 'في', 'ال', '+', 'شارع']",11,مجموعة من الناس يلعبون كرة القدم,مجموعة من الناس في الشارع
3,000000323789.jpg,"['رجل', 'يجلس', 'على', 'مقعد']",4,"['صبي', 'صغير', 'يرتدي', 'قميص', '+', 'ا', 'أحمر', 'و', '+', 'ال', '+', 'لون', 'ال', '+', 'أحمر', 'و', '+', 'ال', '+', 'لون', 'ال', '+', 'أحمر', 'و', '+', 'ال', '+', 'لون', 'ال', '+', 'أحمر', 'و', '+', 'ال', '+', 'لون', 'ال', '+', 'أحمر']",39,رجل يجلس على مقعد,صبي صغير يرتدي قميصا أحمر واللون الأحمر واللون الأحمر واللون الأحمر واللون الأحمر
4,000000416098.jpg,"['رجل', 'يركب', 'دراجة', 'هوائية']",4,"['رجل', 'يركب', 'دراج', '+', 'ة', 'في', 'ال', '+', 'هواء']",9,رجل يركب دراجة هوائية,رجل يركب دراجة في الهواء
5,000000121785.jpg,"['مجموعة', 'من', 'الناس', 'يلعبون', 'في', 'الخارج']",6,"['ال', '+', 'عديد', 'من', 'ال', '+', 'ناس', 'في', 'ال', '+', 'شارع']",11,مجموعة من الناس يلعبون في الخارج,العديد من الناس في الشارع
6,000000287735.jpg,"['رجل', 'في', 'قميص', 'أحمر', 'يقف', 'أمام', 'الكاميرا']",7,"['امرأ', '+', 'ة', 'صغير', '+', 'ة', 'في', 'ال', '+', 'شارع']",10,رجل في قميص أحمر يقف أمام الكاميرا,امرأة صغيرة في الشارع
7,000000356060.jpg,"['مجموعة', 'من', 'الناس', 'يقفون', 'في', 'الشارع']",6,"['امرأ', '+', 'ة', 'في', 'ال', '+', 'شارع']",7,مجموعة من الناس يقفون في الشارع,امرأة في الشارع
8,000000386707.jpg,"['رجل', 'في', 'قميص', 'أزرق', 'يجلس', 'على', 'الرصيف']",7,"['رجل', 'و', '+', 'امرأ', '+', 'ة', 'يقف', '+', 'ان', 'في', 'ال', '+', 'شارع']",13,رجل في قميص أزرق يجلس على الرصيف,رجل وامرأة يقفان في الشارع
9,000000440610.jpg,"['رجل', 'يقف', 'على', 'الشاطئ']",4,"['شخص', '+', 'ان', 'على', 'ال', '+', 'شاطئ']",7,رجل يقف على الشاطئ,شخصان على الشاطئ
10,000000072998.jpg,"['رجل', 'يجلس', 'على', 'لوح', 'التزلج']",5,"['ال', '+', 'ناس', 'في', 'ال', '+', 'شارع']",7,رجل يجلس على لوح التزلج,الناس في الشارع
11,000000106438.jpg,"['رجل', 'يجلس', 'على', 'الأرض']",4,"['امرأ', '+', 'ة', 'صغير', '+', 'ة', 'في', 'ال', '+', 'هواء']",10,رجل يجلس على الأرض,امرأة صغيرة في الهواء
12,000000358104.jpg,"['فتاة', 'صغيرة', 'ترتدي', 'قبعة', 'حمراء']",5,"['امرأ', '+', 'ة', 'صغير', '+', 'ة', 'في', 'ال', '+', 'شارع']",10,فتاة صغيرة ترتدي قبعة حمراء,امرأة صغيرة في الشارع
13,000000458543.jpg,"['مجموعة', 'من', 'لاعبي', 'كرة', 'القدم']",5,"['اثنين', 'من', 'ال', '+', 'رجال', 'يلعب', '+', 'ون', 'ال', '+', 'كر', '+', 'ة']",13,مجموعة من لاعبي كرة القدم,اثنين من الرجال يلعبون الكرة
14,000000480454.jpg,"['مجموعة', 'من', 'الناس', 'في', 'الشارع']",5,"['ال', '+', 'ناس', 'في', 'ال', '+', 'شارع']",7,مجموعة من الناس في الشارع,الناس في الشارع
15,000000127575.jpg,"['رجل', 'يقف', 'أمام', 'مبنى']",4,"['ال', '+', 'ناس', 'يقف', '+', 'ون', 'في', 'ال', '+', 'شارع']",10,رجل يقف أمام مبنى,الناس يقفون في الشارع
16,000000274907.jpg,"['رجل', 'يرتدي', 'سترة', 'سوداء']",4,"['رجل', 'و', '+', 'امرأ', '+', 'ة', 'يقف', '+', 'ان', 'في', 'ال', '+', 'شارع']",13,رجل يرتدي سترة سوداء,رجل وامرأة يقفان في الشارع
17,000000306585.jpg,"['رجل', 'يرتدي', 'سترة', 'حمراء', 'في', 'الثلج']",6,"['طفل', '+', 'ان', 'في', 'ال', '+', 'ثلج']",7,رجل يرتدي سترة حمراء في الثلج,طفلان في الثلج
18,000000430079.jpg,"['رجل', 'يقوم', 'بخدعة', 'على', 'منحدر']",5,"['ال', '+', 'متزلج', 'على', 'ال', '+', 'دراج', '+', 'ة', 'في', 'ال', '+', 'هواء']",13,رجل يقوم بخدعة على منحدر,المتزلج على الدراجة في الهواء
19,000000554459.jpg,"['مجموعة', 'من', 'الناس', 'يقفون', 'في', 'الخارج']",6,"['مجموع', '+', 'ة', 'من', 'ال', '+', 'ناس', 'في', 'ال', '+', 'شارع']",11,مجموعة من الناس يقفون في الخارج,مجموعة من الناس في الشارع
20,000000015725.jpg,"['طفل', 'صغير', 'يرتدي', 'سترة', 'حمراء']",5,"['فتا', '+', 'ة', 'صغير', '+', 'ة', 'صغير', '+', 'ة', 'في', 'ال', '+', 'هواء']",13,طفل صغير يرتدي سترة حمراء,فتاة صغيرة صغيرة في الهواء
21,000000228504.jpg,"['مجموعة', 'من', 'الناس', 'على', 'الشاطئ']",5,"['شخص', '+', 'ان', 'على', 'ال', '+', 'شاطئ']",7,مجموعة من الناس على الشاطئ,شخصان على الشاطئ
22,000000290114.jpg,"['رجل', 'وامرأة', 'يجلسان', 'في', 'الكاميرا']",5,"['رجل', 'و', '+', 'امرأ', '+', 'ة', 'و', '+', 'امرأ', '+', 'ة', 'و', '+', 'امرأ', '+', 'ة']",16,رجل وامرأة يجلسان في الكاميرا,رجل وامرأة وامرأة وامرأة
23,000000360152.jpg,"['فتاة', 'صغيرة', '<unk>', '<unk>', '<unk>']",5,"['فتا', '+', 'ة', 'صغير', '+', 'ة', 'صغير', '+', 'ة', 'في', 'ال', '+', 'هواء']",13,فتاة صغيرة <unk> <unk> <unk>,فتاة صغيرة صغيرة في الهواء
24,000000422982.jpg,"['امرأة', 'تجلس', 'على', 'مقعد']",4,"['امرأ', '+', 'ة', 'صغير', '+', 'ة', 'في', 'ال', '+', 'شارع']",10,امرأة تجلس على مقعد,امرأة صغيرة في الشارع
25,000000020245.jpg,"['رجل', 'يقف', 'في', 'حقل']",4,"['صبي', 'صغير', 'يقفز', 'في', 'ال', '+', 'عشب']",7,رجل يقف في حقل,صبي صغير يقفز في العشب
26,000000063703.jpg,"['رجل', 'يتزلج', 'على', 'الجليد']",4,"['ال', '+', 'متزلج', 'في', 'ال', '+', 'ثلج']",7,رجل يتزلج على الجليد,المتزلج في الثلج
27,000000252783.jpg,"['رجل', 'يرتدي', 'قبعة', 'حمراء']",4,"['امرأ', '+', 'ة', 'صغير', '+', 'ة', 'في', 'ال', '+', 'هواء']",10,رجل يرتدي قبعة حمراء,امرأة صغيرة في الهواء
28,000000465911.jpg,"['صبي', 'صغير', 'يقفز', 'في', 'الهواء']",5,"['صبي', 'صغير', 'يقفز', 'في', 'ال', '+', 'هواء']",7,صبي صغير يقفز في الهواء,صبي صغير يقفز في الهواء
29,000000476826.jpg,"['رجل', 'يقفز', 'في', 'الهواء']",4,"['امرأ', '+', 'ة', 'صغير', '+', 'ة', 'في', 'ال', '+', 'هواء', 'ال', '+', 'أحمر']",13,رجل يقفز في الهواء,امرأة صغيرة في الهواء الأحمر
30,000000206922.jpg,"['رجل', 'يجلس', 'على', 'مقعد']",4,"['امرأ', '+', 'ة', 'صغير', '+', 'ة', 'في', 'ال', '+', 'هواء']",10,رجل يجلس على مقعد,امرأة صغيرة في الهواء
31,000000240339.jpg,"['فتاة', 'صغيرة', 'تجلس', 'على', 'الرصيف']",5,"['فتا', '+', 'ة', 'صغير', '+', 'ة', 'صغير', '+', 'ة', 'صغير', '+', 'ة', 'في', 'ال', '+', 'هواء']",16,فتاة صغيرة تجلس على الرصيف,فتاة صغيرة صغيرة صغيرة في الهواء
32,000000453959.jpg,"['صبي', 'صغير', 'يلعب', 'في', 'الرمال']",5,"['صبي', 'صغير', 'يقفز', 'في', 'ال', '+', 'هواء']",7,صبي صغير يلعب في الرمال,صبي صغير يقفز في الهواء
33,000000519652.jpg,"['رجل', 'يركب', 'دراجة', 'نارية']",4,"['شخص', 'يركب', 'دراج', '+', 'ة', 'ناري', '+', 'ة']",8,رجل يركب دراجة نارية,شخص يركب دراجة نارية
34,000000530936.jpg,"['رجل', 'يقفز', 'في', 'الهواء']",4,"['شخص', '+', 'ان', 'في', 'ال', '+', 'هواء']",7,رجل يقفز في الهواء,شخصان في الهواء
35,000000255992.jpg,"['رجل', 'يجلس', 'على', 'مقعد']",4,"['رجل', 'و', '+', 'امرأ', '+', 'ة', 'في', 'ال', '+', 'ثلج']",10,رجل يجلس على مقعد,رجل وامرأة في الثلج
36,000000285821.jpg,"['رجل', 'يقف', 'في', 'الهواء']",4,"['رجل', 'يرتدي', 'قميص', '+', 'ا', 'أحمر', 'و', '+', 'قبع', '+', 'ة']",11,رجل يقف في الهواء,رجل يرتدي قميصا أحمر وقبعة
37,000000390238.jpg,"['اثنين', 'من', 'الناس', '<unk>', '<unk>']",5,"['اثنين', 'من', 'ال', '+', 'ناس', 'في', 'ال', '+', 'شارع']",9,اثنين من الناس <unk> <unk>,اثنين من الناس في الشارع
38,000000550944.jpg,"['مجموعة', 'من', 'الناس', 'يقفون', 'في', 'الخارج']",6,"['مجموع', '+', 'ة', 'من', 'ال', '+', 'ناس', 'في', 'ال', '+', 'شارع']",11,مجموعة من الناس يقفون في الخارج,مجموعة من الناس في الشارع
39,000000203690.jpg,"['رجل', 'يقف', 'على', 'الشاطئ']",4,"['امرأ', '+', 'ة', 'في', 'ال', '+', 'ماء']",7,رجل يقف على الشاطئ,امرأة في الماء
40,000000233341.jpg,"['كلب', 'أبيض']",2,"['ال', '+', 'ناس', 'في', 'ال', '+', 'شارع']",7,كلب أبيض,الناس في الشارع
41,000000299343.jpg,"['سيارة', 'سباق']",2,"['سيار', '+', 'ة', 'في', 'ال', '+', 'شارع']",7,سيارة سباق,سيارة في الشارع
42,000000348496.jpg,"['مجموعة', 'من', 'الناس', 'على', 'الشاطئ']",5,"['مجموع', '+', 'ة', 'من', 'ال', '+', 'ناس', 'في', 'ال', '+', 'ماء']",11,مجموعة من الناس على الشاطئ,مجموعة من الناس في الماء
43,000000417983.jpg,"['اثنين', 'من', 'الكلاب', 'تلعب', 'في', 'حقل']",6,"['رجل', 'يجلس', 'على', 'ال', '+', 'ماء']",6,اثنين من الكلاب تلعب في حقل,رجل يجلس على الماء
44,000000013348.jpg,"['اثنين', 'من', 'الناس', 'على', 'الشاطئ']",5,"['سيار', '+', 'ة', 'سباق', 'في', 'ال', '+', 'شارع']",8,اثنين من الناس على الشاطئ,سيارة سباق في الشارع
45,000000015050.jpg,"['شخص', 'يتزلج', 'على', 'الجليد']",4,"['شخص', '+', 'ان', 'في', 'ال', '+', 'ثلج']",7,شخص يتزلج على الجليد,شخصان في الثلج
46,000000208174.jpg,"['رجل', 'يرتدي', 'سترة', 'سوداء', 'يقف', 'على', 'مقعد']",7,"['رجل', 'يرتدي', 'قميص', '+', 'ا', 'أحمر', 'و', '+', 'أسود', '+', 'ا', 'في', 'ال', '+', 'هواء']",15,رجل يرتدي سترة سوداء يقف على مقعد,رجل يرتدي قميصا أحمر وأسودا في الهواء
47,000000277956.jpg,"['صبي', 'صغير', 'يجلس', 'على', 'العشب']",5,"['فتا', '+', 'ة', 'صغير', '+', 'ة', 'صغير', '+', 'ة', 'صغير', '+', 'ة', 'في', 'ال', '+', 'عشب']",16,صبي صغير يجلس على العشب,فتاة صغيرة صغيرة صغيرة في العشب
48,000000356396.jpg,"['رجل', 'يقف', 'في', 'الشارع']",4,"['سيار', '+', 'ة', 'من', 'ال', '+', 'ناس', 'في', 'ال', '+', 'شارع']",11,رجل يقف في الشارع,سيارة من الناس في الشارع
49,000000004239.jpg,"['رجل', 'يتزلج', 'على', 'الجليد']",4,"['رجل', 'في', 'ال', '+', 'ثلج']",5,رجل يتزلج على الجليد,رجل في الثلج
50,000000075968.jpg,"['امرأة', 'في', 'ثوب', 'السباحة']",4,"['لاعب', 'كر', '+', 'ة', 'ال', '+', 'سل', '+', 'ة', 'ال', '+', 'سل', '+', 'ة', 'ال', '+', 'قدم']",17,امرأة في ثوب السباحة,لاعب كرة السلة السلة القدم
51,000000148999.jpg,"['مجموعة', 'من', 'الناس', 'في', 'الهواء']",5,"['مجموع', '+', 'ة', 'من', 'ال', '+', 'ناس', 'في', 'ال', '+', 'شارع']",11,مجموعة من الناس في الهواء,مجموعة من الناس في الشارع
52,000000261283.jpg,"['رجل', 'يجلس', 'على', 'طاولة']",4,"['امرأ', '+', 'ة', 'صغير', '+', 'ة', 'في', 'ال', '+', 'هواء']",10,رجل يجلس على طاولة,امرأة صغيرة في الهواء
53,000000006107.jpg,"['مجموعة', 'من', 'الأولاد', 'يلعبون', 'كرة', 'القدم']",6,"['طفل', '+', 'ان', 'يلعب', '+', 'ان', 'كر', '+', 'ة']",9,مجموعة من الأولاد يلعبون كرة القدم,طفلان يلعبان كرة
54,000000053121.jpg,"['رجل', 'يجلس', 'على', 'السرير']",4,"['رجل', 'و', '+', 'امرأ', '+', 'ة', 'صغير', '+', 'ة', 'في', 'ال', '+', 'هواء']",13,رجل يجلس على السرير,رجل وامرأة صغيرة في الهواء
55,000000093964.jpg,"['سيارة', 'سباق', 'في', 'سباق']",4,"['سيار', '+', 'ة', 'في', 'ال', '+', 'شارع']",7,سيارة سباق في سباق,سيارة في الشارع
56,000000365784.jpg,"['صبي', 'صغير', 'يقفز', 'في', 'الهواء']",5,"['صبي', 'صغير', 'يقفز', 'في', 'ال', '+', 'هواء']",7,صبي صغير يقفز في الهواء,صبي صغير يقفز في الهواء
57,000000333207.jpg,"['مجموعة', 'من', 'الناس', 'يجلسون', 'في', 'الخارج']",6,"['مجموع', '+', 'ة', 'من', 'ال', '+', 'ناس', 'في', 'ال', '+', 'شارع']",11,مجموعة من الناس يجلسون في الخارج,مجموعة من الناس في الشارع
58,000000544408.jpg,"['رجل', 'يجلس', 'على', 'طاولة']",4,"['ال', '+', 'عديد', 'من', 'ال', '+', 'ناس', 'في', 'ال', '+', 'شارع']",11,رجل يجلس على طاولة,العديد من الناس في الشارع
59,000000546010.jpg,"['رجل', 'يجلس', 'على', 'الطريق']",4,"['رجل', 'يرتدي', 'قميص', '+', 'ا', 'أسود', '+', 'ا', 'في', 'ال', '+', 'شارع']",12,رجل يجلس على الطريق,رجل يرتدي قميصا أسودا في الشارع
60,000000570069.jpg,"['مجموعة', 'من', 'الرجال', 'يلعبون', 'كرة', 'القدم']",6,"['اثنين', 'من', 'ال', '+', 'كلاب', 'يلعب', '+', 'ون', 'كر', '+', 'ة', 'ال', '+', 'قدم']",14,مجموعة من الرجال يلعبون كرة القدم,اثنين من الكلاب يلعبون كرة القدم
61,000000572900.jpg,"['صبي', 'صغير', 'يقف', 'في', 'الشارع']",5,"['امرأ', '+', 'ة', 'صغير', '+', 'ة', 'في', 'ال', '+', 'شارع']",10,صبي صغير يقف في الشارع,امرأة صغيرة في الشارع
62,000000172387.jpg,"['امرأة', 'في', 'قميص', 'أبيض']",4,"['امرأ', '+', 'ة', 'صغير', '+', 'ة', 'صغير', '+', 'ة', 'في', 'ال', '+', 'شارع']",13,امرأة في قميص أبيض,امرأة صغيرة صغيرة في الشارع
63,000000226639.jpg,"['رجل', 'يرتدي', 'قبعة', 'سوداء']",4,"['امرأ', '+', 'ة', 'صغير', '+', 'ة', 'في', 'ال', '+', 'هواء']",10,رجل يرتدي قبعة سوداء,امرأة صغيرة في الهواء
64,000000291373.jpg,"['رجل', 'يتزلج', 'على', 'الجليد']",4,"['رجل', 'في', 'ال', '+', 'ثلج']",5,رجل يتزلج على الجليد,رجل في الثلج
65,000000432657.jpg,"['لاعب', 'كرة', 'القدم', 'في', 'الهواء']",5,"['رجل', 'يرتدي', 'قميص', '+', 'ا', 'أبيض', 'و', '+', 'أسود', 'و', '+', 'ال', '+', 'أسود', 'و', '+', 'ال', '+', 'أبيض', 'و', '+', 'ال', '+', 'أبيض']",24,لاعب كرة القدم في الهواء,رجل يرتدي قميصا أبيض وأسود والأسود والأبيض والأبيض
66,000000475906.jpg,"['رجل', 'يجلس', 'على', 'مقعد', 'في', 'الشارع']",6,"['ال', '+', 'عديد', 'من', 'ال', '+', 'ناس', 'في', 'ال', '+', 'شارع']",11,رجل يجلس على مقعد في الشارع,العديد من الناس في الشارع
67,000000158759.jpg,"['رجل', 'يجلس', 'على', 'مقعد', 'في', 'الشارع']",6,"['امرأ', '+', 'ة', 'صغير', '+', 'ة', 'صغير', '+', 'ة', 'في', 'ال', '+', 'شارع']",13,رجل يجلس على مقعد في الشارع,امرأة صغيرة صغيرة في الشارع
68,000000160837.jpg,"['صبي', 'صغير', 'على', 'الأرجوحة']",4,"['فتا', '+', 'ة', 'صغير', '+', 'ة', 'في', 'ال', '+', 'هواء']",10,صبي صغير على الأرجوحة,فتاة صغيرة في الهواء
69,000000270248.jpg,"['لاعب', 'كرة', 'القدم']",3,"['لاعب', 'كر', '+', 'ة', 'ال', '+', 'قدم']",7,لاعب كرة القدم,لاعب كرة القدم
70,000000376347.jpg,"['راكب', 'أمواج', 'يركب', 'موجة']",4,"['شخص', '+', 'ان', 'في', 'ال', '+', 'ماء']",7,راكب أمواج يركب موجة,شخصان في الماء
71,000000480747.jpg,"['رجل', 'يركب', 'موجة']",3,"['رجل', 'يركب', 'ال', '+', 'أمواج']",5,رجل يركب موجة,رجل يركب الأمواج
72,000000026374.jpg,"['لاعب', 'كرة', 'قدم']",3,"['لاعب', 'كر', '+', 'ة', 'كر', '+', 'ة', 'ال', '+', 'قدم']",10,لاعب كرة قدم,لاعب كرة كرة القدم
73,000000051474.jpg,"['مجموعة', 'من', 'الناس', 'في', 'الشارع']",5,"['سيار', '+', 'ة', 'في', 'ال', '+', 'شارع']",7,مجموعة من الناس في الشارع,سيارة في الشارع
74,000000055608.jpg,"['مجموعة', 'من', 'الناس', 'يقفون', 'في', 'الشارع']",6,"['فتا', '+', 'ة', 'صغير', '+', 'ة', 'صغير', '+', 'ة', 'في', 'ال', '+', 'شارع']",13,مجموعة من الناس يقفون في الشارع,فتاة صغيرة صغيرة في الشارع
75,000000436394.jpg,"['رجل', 'في', 'قميص', 'أزرق', 'يقفز', 'في', 'الهواء']",7,"['رجل', 'يرتدي', 'قميص', '+', 'ا', 'أحمر', 'و', '+', 'أسود', '+', 'ا', 'أبيض', 'و', '+', 'ال', '+', 'أبيض']",17,رجل في قميص أزرق يقفز في الهواء,رجل يرتدي قميصا أحمر وأسودا أبيض والأبيض
76,000000554378.jpg,"['شخص', 'يركب', 'دراجة', 'نارية']",4,"['رجل', 'يركب', 'دراج', '+', 'ة', 'ناري', '+', 'ة', 'ناري', '+', 'ة']",11,شخص يركب دراجة نارية,رجل يركب دراجة نارية نارية
77,000000149375.jpg,"['رجل', 'يتزلج', 'على', 'لوح', 'التزلج']",5,"['ال', '+', 'متزلج', 'يقفز', 'على', 'ال', '+', 'تزلج']",8,رجل يتزلج على لوح التزلج,المتزلج يقفز على التزلج
78,000000231034.jpg,"['رجل', 'يجلس', 'على', 'مقعد']",4,"['امرأ', '+', 'ة', 'صغير', '+', 'ة', 'صغير', '+', 'ة', 'في', 'ال', '+', 'هواء']",13,رجل يجلس على مقعد,امرأة صغيرة صغيرة في الهواء
79,000000311562.jpg,"['شخص', 'يركب', 'دراجة', 'نارية']",4,"['رجل', 'يركب', 'دراج', '+', 'ة', 'ناري', '+', 'ة']",8,شخص يركب دراجة نارية,رجل يركب دراجة نارية
80,000000312398.jpg,"['مجموعة', 'من', 'الناس', 'يجلسون', 'في', 'الخارج']",6,"['مجموع', '+', 'ة', 'من', 'ال', '+', 'ناس', 'في', 'ال', '+', 'ناس']",11,مجموعة من الناس يجلسون في الخارج,مجموعة من الناس في الناس
81,000000444444.jpg,"['اثنين', 'من', 'الكلاب', 'يلعبون', 'في', 'الغابة']",6,"['امرأ', '+', 'ة', 'صغير', '+', 'ة', 'في', 'ال', '+', 'شارع']",10,اثنين من الكلاب يلعبون في الغابة,امرأة صغيرة في الشارع
82,000000016513.jpg,"['سيارة', 'سباق']",2,"['سيار', '+', 'ة', 'في', 'ال', '+', 'شارع']",7,سيارة سباق,سيارة في الشارع
83,000000213827.jpg,"['رجل', 'على', 'لوح', 'التزلج', 'على', 'لوح', 'التزلج']",7,"['ال', '+', 'متزلج', 'على', 'ال', '+', 'ماء']",7,رجل على لوح التزلج على لوح التزلج,المتزلج على الماء
84,000000429658.jpg,"['مجموعة', 'من', 'الناس', 'في', 'الشارع']",5,"['شخص', '+', 'ان', 'في', 'ال', '+', 'شارع']",7,مجموعة من الناس في الشارع,شخصان في الشارع
85,000000571236.jpg,"['رجل', 'يرتدي', 'قبعة', 'سوداء']",4,"['رجل', 'يرتدي', 'قميص', '+', 'ا', 'أزرق', 'و', '+', 'قبع', '+', 'ة']",11,رجل يرتدي قبعة سوداء,رجل يرتدي قميصا أزرق وقبعة
86,000000574525.jpg,"['رجل', 'يرتدي', 'سترة', 'سوداء']",4,"['رجل', 'يرتدي', 'قميص', '+', 'ا', 'أزرق', 'و', '+', 'امرأ', '+', 'ة', 'و', '+', 'امرأ', '+', 'ة', 'و', '+', 'امرأ', '+', 'ة']",21,رجل يرتدي سترة سوداء,رجل يرتدي قميصا أزرق وامرأة وامرأة وامرأة
87,000000176029.jpg,"['سيارة', 'سباق', '<unk>']",3,"['سيار', '+', 'ة', 'من', 'ال', '+', 'ناس', 'في', 'ال', '+', 'شارع']",11,سيارة سباق <unk>,سيارة من الناس في الشارع
88,000000230598.jpg,"['مجموعة', 'من', 'الناس', 'في', 'الشارع']",5,"['ثلاث', '+', 'ة', 'أشخاص', 'في', 'ال', '+', 'شارع']",8,مجموعة من الناس في الشارع,ثلاثة أشخاص في الشارع
89,000000372265.jpg,"['رجل', 'يتزلج', 'على', 'لوح', 'التزلج']",5,"['ال', '+', 'متزلج', 'على', 'ال', '+', 'تزلج']",7,رجل يتزلج على لوح التزلج,المتزلج على التزلج
90,000000374661.jpg,"['مجموعة', 'من', 'الناس', 'يجلسون', 'في', 'الخارج']",6,"['مجموع', '+', 'ة', 'من', 'ال', '+', 'ناس', 'في', 'ال', '+', 'شارع']",11,مجموعة من الناس يجلسون في الخارج,مجموعة من الناس في الشارع
91,000000014874.jpg,"['رجل', 'يقف', 'في', 'الثلج']",4,"['امرأ', '+', 'ة', 'في', 'ال', '+', 'ثلج']",7,رجل يقف في الثلج,امرأة في الثلج
92,000000044815.jpg,"['مجموعة', 'من', 'الناس', 'في', 'الشارع']",5,"['مجموع', '+', 'ة', 'من', 'ال', '+', 'ناس', 'في', 'ال', '+', 'هواء']",11,مجموعة من الناس في الشارع,مجموعة من الناس في الهواء
93,000000127516.jpg,"['رجل', 'يركب', 'موجة']",3,"['صبي', 'في', 'ال', '+', 'ماء']",5,رجل يركب موجة,صبي في الماء
94,000000319943.jpg,"['راكب', 'أمواج', 'يركب', 'موجة']",4,"['راكب', 'ال', '+', 'أمواج', 'في', 'ال', '+', 'ماء']",8,راكب أمواج يركب موجة,راكب الأمواج في الماء
95,000000405620.jpg,"['شخص', 'على', 'دراجة', 'نارية']",4,"['شخص', 'يركب', 'دراج', '+', 'ة', 'ناري', '+', 'ة']",8,شخص على دراجة نارية,شخص يركب دراجة نارية
96,000000014756.jpg,"['رجل', 'يرتدي', 'قميصا', 'أبيض', '<unk>']",5,"['رجل', 'يرتدي', 'قميص', '+', 'ا', 'أبيض', 'و', '+', 'ال', '+', 'لون', 'ال', '+', 'لون', 'ال', '+', 'لون', 'ال', '+', 'لون', 'ال', '+', 'أحمر', 'و', '+', 'ال', '+', 'لون', 'ال', '+', 'لون', 'ال', '+', 'أحمر', 'و', '+', 'ال', '+', 'أبيض']",39,رجل يرتدي قميصا أبيض <unk>,رجل يرتدي قميصا أبيض واللون اللون اللون اللون الأحمر واللون اللون الأحمر والأبيض
97,000000165412.jpg,"['اثنين', 'من', 'الكلاب', '<unk>', '<unk>']",5,"['سيار', '+', 'ة', 'من', 'ال', '+', 'ناس', 'في', 'ال', '+', 'شارع']",11,اثنين من الكلاب <unk> <unk>,سيارة من الناس في الشارع
98,000000250809.jpg,"['رجل', 'يقف', 'في', 'الشارع']",4,"['امرأ', '+', 'ة', 'في', 'ال', '+', 'شارع']",7,رجل يقف في الشارع,امرأة في الشارع
99,000000315111.jpg,"['طفل', 'صغير', 'يجلس', 'على', 'الأرض']",5,"['فتا', '+', 'ة', 'صغير', '+', 'ة', 'صغير', '+', 'ة', 'في', 'ال', '+', 'هواء']",13,طفل صغير يجلس على الأرض,فتاة صغيرة صغيرة في الهواء
100,000000414068.jpg,"['<unk>', '<unk>', '<unk>', '<unk>']",4,"['ال', '+', 'ناس', 'في', 'ال', '+', 'هواء']",7,<unk> <unk> <unk> <unk>,الناس في الهواء
101,000000060873.jpg,"['رجل', 'يركب', 'موجة']",3,"['رجل', 'في', 'ال', '+', 'ماء']",5,رجل يركب موجة,رجل في الماء
102,000000089202.jpg,"['رجل', 'يركب', 'موجة']",3,"['رجل', 'في', 'ال', '+', 'ماء']",5,رجل يركب موجة,رجل في الماء
103,000000111067.jpg,"['رجل', 'يجلس', 'على', 'مقعد']",4,"['شخص', '+', 'ان', 'في', 'ال', '+', 'شارع']",7,رجل يجلس على مقعد,شخصان في الشارع
104,000000308175.jpg,"['رجل', 'يركب', 'دراجة', 'نارية']",4,"['رجل', 'يركب', 'دراج', '+', 'ة', 'ناري', '+', 'ة']",8,رجل يركب دراجة نارية,رجل يركب دراجة نارية
105,000000486035.jpg,"['مجموعة', 'من', 'الناس', 'يقفون', 'في', 'الشارع']",6,"['مجموع', '+', 'ة', 'من', 'ال', '+', 'ناس', 'في', 'ال', '+', 'شارع']",11,مجموعة من الناس يقفون في الشارع,مجموعة من الناس في الشارع
106,000000007726.jpg,"['شخص', 'يقف', 'في', 'الشارع']",4,"['سيار', '+', 'ة', 'في', 'ال', '+', 'شارع']",7,شخص يقف في الشارع,سيارة في الشارع
107,000000225352.jpg,"['رجل', 'يجلس', 'على', 'مقعد']",4,"['رجل', 'يجلس', 'على', 'ال', '+', 'ماء']",6,رجل يجلس على مقعد,رجل يجلس على الماء
108,000000286051.jpg,"['مجموعة', 'من', 'الناس', 'يقفون', 'في', 'الخارج']",6,"['مجموع', '+', 'ة', 'من', 'ال', '+', 'ناس', 'في', 'ال', '+', 'شارع']",11,مجموعة من الناس يقفون في الخارج,مجموعة من الناس في الشارع
109,000000345265.jpg,"['فتاة', 'صغيرة', 'في', 'الماء']",4,"['امرأ', '+', 'ة', 'صغير', '+', 'ة', 'في', 'ال', '+', 'ماء']",10,فتاة صغيرة في الماء,امرأة صغيرة في الماء
110,000000515572.jpg,"['صبي', 'صغير', 'يرتدي', 'سترة', 'حمراء']",5,"['ال', '+', 'ناس', 'في', 'ال', '+', 'شارع']",7,صبي صغير يرتدي سترة حمراء,الناس في الشارع
111,000000021993.jpg,"['رجل', 'يجلس', 'على', 'مقعد']",4,"['رجل', 'يرتدي', 'قميص', '+', 'ا', 'أحمر', 'و', '+', 'ال', '+', 'أسود', 'في', 'ال', '+', 'هواء']",15,رجل يجلس على مقعد,رجل يرتدي قميصا أحمر والأسود في الهواء
112,000000334607.jpg,"['اثنين', 'من', 'الكلاب', 'يلعبون', 'على', 'الشاطئ']",6,"['شخص', '+', 'ان', 'على', 'ال', '+', 'دراج', '+', 'ة', 'في', 'ال', '+', 'هواء']",13,اثنين من الكلاب يلعبون على الشاطئ,شخصان على الدراجة في الهواء
113,000000358396.jpg,"['شخص', 'يقفز', 'في', 'الهواء']",4,"['شخص', '+', 'ان', 'في', 'ال', '+', 'هواء']",7,شخص يقفز في الهواء,شخصان في الهواء
114,000000378312.jpg,"['مجموعة', 'من', 'الناس', 'في', 'الشارع']",5,"['ال', '+', 'ناس', 'في', 'ال', '+', 'شارع']",7,مجموعة من الناس في الشارع,الناس في الشارع
115,000000570874.jpg,"['مجموعة', 'من', 'الناس']",3,"['ال', '+', 'ناس', 'في', 'ال', '+', 'شارع']",7,مجموعة من الناس,الناس في الشارع
116,000000020012.jpg,"['رجل', 'يرتدي', 'قميصا', 'أبيض', 'يقفز', 'في', 'الهواء']",7,"['رجل', 'يرتدي', 'قميص', '+', 'ا', 'أحمر', 'و', '+', 'ال', '+', 'لون', 'ال', '+', 'أحمر', 'و', '+', 'ال', '+', 'أبيض', 'و', '+', 'ال', '+', 'أبيض']",24,رجل يرتدي قميصا أبيض يقفز في الهواء,رجل يرتدي قميصا أحمر واللون الأحمر والأبيض والأبيض
117,000000118405.jpg,"['رجل', 'يقف', 'أمام', 'مبنى']",4,"['ال', '+', 'ناس', 'في', 'ال', '+', 'هواء']",7,رجل يقف أمام مبنى,الناس في الهواء
118,000000305746.jpg,"['مجموعة', 'من', 'الناس', 'في', 'الشارع']",5,"['ال', '+', 'ناس', 'في', 'ال', '+', 'شارع']",7,مجموعة من الناس في الشارع,الناس في الشارع
119,000000313118.jpg,"['مجموعة', 'من', 'الناس', 'يجلسون', 'على', 'الجليد']",6,"['مجموع', '+', 'ة', 'من', 'ال', '+', 'ناس', 'في', 'ال', '+', 'ثلج']",11,مجموعة من الناس يجلسون على الجليد,مجموعة من الناس في الثلج
120,000000321938.jpg,"['اثنين', 'من', 'الناس', 'في', 'مطعم']",5,"['ال', '+', 'ناس', 'في', 'ال', '+', 'ماء']",7,اثنين من الناس في مطعم,الناس في الماء
121,000000094619.jpg,"['صبي', 'صغير', 'يقفز', 'في', 'الهواء']",5,"['فتا', '+', 'ة', 'صغير', '+', 'ة', 'في', 'ال', '+', 'شارع']",10,صبي صغير يقفز في الهواء,فتاة صغيرة في الشارع
122,000000146646.jpg,"['مجموعة', 'من', 'الناس', 'يجلسون', 'على', 'الرصيف']",6,"['سيار', '+', 'ة', 'في', 'ال', '+', 'شارع']",7,مجموعة من الناس يجلسون على الرصيف,سيارة في الشارع
123,000000184820.jpg,"['مجموعة', 'من', 'الناس', 'يقفون', 'على', 'الجليد']",6,"['مجموع', '+', 'ة', 'من', 'ال', '+', 'ناس', 'في', 'ال', '+', 'شارع']",11,مجموعة من الناس يقفون على الجليد,مجموعة من الناس في الشارع
124,000000401092.jpg,"['رجل', 'يجلس', 'على', 'مقعد']",4,"['ال', '+', 'كلب', 'ال', '+', 'أبيض', 'في', 'ال', '+', 'ماء']",10,رجل يجلس على مقعد,الكلب الأبيض في الماء
125,000000446557.jpg,"['فتاة', 'صغيرة', 'في', 'قميص', 'أبيض']",5,"['فتا', '+', 'ة', 'صغير', '+', 'ة', 'صغير', '+', 'ة', 'صغير', '+', 'ة', 'في', 'ال', '+', 'هواء']",16,فتاة صغيرة في قميص أبيض,فتاة صغيرة صغيرة صغيرة في الهواء
126,000000224388.jpg,"['رجل', 'يرتدي', 'قبعة', 'سوداء', '<unk>', '<unk>']",6,"['رجل', 'و', '+', 'امرأ', '+', 'ة', 'و', '+', 'امرأ', '+', 'ة']",11,رجل يرتدي قبعة سوداء <unk> <unk>,رجل وامرأة وامرأة
127,000000266275.jpg,"['رجل', 'يجلس', 'على', 'السرير']",4,"['فتا', '+', 'ة', 'صغير', '+', 'ة', 'في', 'ال', '+', 'هواء']",10,رجل يجلس على السرير,فتاة صغيرة في الهواء
128,000000292236.jpg,"['مجموعة', 'من', 'الناس', 'يقفون', 'في', 'الشارع']",6,"['رجل', '+', 'ان', 'يقف', '+', 'ان', 'في', 'ال', '+', 'شارع']",10,مجموعة من الناس يقفون في الشارع,رجلان يقفان في الشارع
129,000000317460.jpg,"['مجموعة', 'من', 'الناس']",3,"['ال', '+', 'ناس', 'في', 'ال', '+', 'شارع']",7,مجموعة من الناس,الناس في الشارع
130,000000533860.jpg,"['كلب', 'بني', 'يركض', 'على', 'العشب']",5,"['فتا', '+', 'ة', 'صغير', '+', 'ة', 'في', 'ال', '+', 'هواء']",10,كلب بني يركض على العشب,فتاة صغيرة في الهواء
131,000000052996.jpg,"['اثنين', 'من', 'الناس', '<unk>', '<unk>']",5,"['امرأ', '+', 'ة', 'صغير', '+', 'ة', 'في', 'ال', '+', 'شارع']",10,اثنين من الناس <unk> <unk>,امرأة صغيرة في الشارع
132,000000195685.jpg,"['رجل', 'يقف', 'في', 'سيارة', 'حمراء']",5,"['سيار', '+', 'ة', 'في', 'ال', '+', 'شارع']",7,رجل يقف في سيارة حمراء,سيارة في الشارع
133,000000450313.jpg,"['سيارة', '<unk>', '<unk>', '<unk>']",4,"['ال', '+', 'عديد', 'من', 'ال', '+', 'ناس', 'في', 'ال', '+', 'شارع']",11,سيارة <unk> <unk> <unk>,العديد من الناس في الشارع
134,000000462792.jpg,"['الناس', 'على', 'الشاطئ']",3,"['ال', '+', 'عديد', 'من', 'ال', '+', 'ناس', 'على', 'ال', '+', 'شاطئ']",11,الناس على الشاطئ,العديد من الناس على الشاطئ
135,000000550056.jpg,"['رجل', 'يجلس', 'على', 'مقعد']",4,"['امرأ', '+', 'ة', 'صغير', '+', 'ة', 'في', 'ال', '+', 'هواء']",10,رجل يجلس على مقعد,امرأة صغيرة في الهواء
136,000000148719.jpg,"['سيارة', 'سيارة', 'حمراء']",3,"['سيار', '+', 'ة', 'ال', '+', 'سيار', '+', 'ة', 'في', 'ال', '+', 'شارع']",12,سيارة سيارة حمراء,سيارة السيارة في الشارع
137,000000242618.jpg,"['لاعب', 'كرة', 'التنس']",3,"['لاعب', 'كر', '+', 'ة', 'كر', '+', 'ة', 'ال', '+', 'قدم']",10,لاعب كرة التنس,لاعب كرة كرة القدم
138,000000409841.jpg,"['رجل', 'يجلس', 'على', 'مقعد']",4,"['ال', '+', 'ناس', 'في', 'ال', '+', 'شارع']",7,رجل يجلس على مقعد,الناس في الشارع
139,000000521978.jpg,"['رجل', 'يجلس', 'على', 'مقعد']",4,"['امرأ', '+', 'ة', 'صغير', '+', 'ة', 'في', 'ال', '+', 'شارع']",10,رجل يجلس على مقعد,امرأة صغيرة في الشارع
140,000000077889.jpg,"['اثنين', 'من', 'الكلاب', '<unk>', '<unk>']",5,"['ال', '+', 'ناس', 'في', 'ال', '+', 'ماء']",7,اثنين من الكلاب <unk> <unk>,الناس في الماء
141,000000212685.jpg,"['اثنين', 'من', 'الأطفال', 'يجلسون', 'على', 'الأرض']",6,"['فتا', '+', 'ة', 'صغير', '+', 'ة', 'صغير', '+', 'ة', 'صغير', '+', 'ة', 'في', 'ال', '+', 'شارع']",16,اثنين من الأطفال يجلسون على الأرض,فتاة صغيرة صغيرة صغيرة في الشارع
142,000000310669.jpg,"['مجموعة', 'من', 'الناس', '<unk>', '<unk>']",5,"['مجموع', '+', 'ة', 'من', 'ال', '+', 'ناس', 'في', 'ال', '+', 'شارع']",11,مجموعة من الناس <unk> <unk>,مجموعة من الناس في الشارع
143,000000417218.jpg,"['صبي', 'صغير', 'يقفز', 'في', 'الهواء']",5,"['شخص', '+', 'ان', 'في', 'ال', '+', 'شارع']",7,صبي صغير يقفز في الهواء,شخصان في الشارع
144,000000521943.jpg,"['صبي', 'صغير', 'يلعب', 'كرة', 'القدم']",5,"['رجل', 'يرتدي', 'قميص', '+', 'ا', 'أبيض', 'و', '+', 'أسود', 'و', '+', 'ال', '+', 'أبيض', 'و', '+', 'ال', '+', 'أبيض', 'و', '+', 'ال', '+', 'أبيض', 'و', '+', 'ال', '+', 'أبيض', 'و', '+', 'ال', '+', 'أبيض', 'و', '+', 'ال', '+', 'أبيض', 'و', '+', 'ال', '+', 'أبيض']",44,صبي صغير يلعب كرة القدم,رجل يرتدي قميصا أبيض وأسود والأبيض والأبيض والأبيض والأبيض والأبيض والأبيض والأبيض
145,000000025293.jpg,"['فتاة', 'في', 'ثوب', 'السباحة']",4,"['فتا', '+', 'ة', 'صغير', '+', 'ة', 'في', 'ال', '+', 'ماء']",10,فتاة في ثوب السباحة,فتاة صغيرة في الماء
146,000000214453.jpg,"['رجل', 'يجلس', 'على', 'طاولة', '<unk>']",5,"['مجموع', '+', 'ة', 'من', 'ال', '+', 'ناس', 'في', 'ال', '+', 'شارع']",11,رجل يجلس على طاولة <unk>,مجموعة من الناس في الشارع
147,000000434618.jpg,"['رجل', 'يرتدي', 'سترة', 'حمراء']",4,"['مجموع', '+', 'ة', 'من', 'ال', '+', 'ناس', 'في', 'ال', '+', 'شارع']",11,رجل يرتدي سترة حمراء,مجموعة من الناس في الشارع
148,000000454436.jpg,"['رجل', 'في', 'قميص', 'أبيض', 'يركض', 'في', 'الغابة']",7,"['رجل', 'و', '+', 'امرأ', '+', 'ة', 'يقف', '+', 'ان', 'في', 'ال', '+', 'شارع']",13,رجل في قميص أبيض يركض في الغابة,رجل وامرأة يقفان في الشارع
149,000000531441.jpg,"['طفل', 'صغير', 'يجلس', 'على', 'الكاميرا']",5,"['فتا', '+', 'ة', 'صغير', '+', 'ة', 'صغير', '+', 'ة', 'صغير', '+', 'ة']",12,طفل صغير يجلس على الكاميرا,فتاة صغيرة صغيرة صغيرة
150,000000136670.jpg,"['رجل', 'في', 'قميص', 'أزرق', 'يرتدي', 'سترة', 'حمراء']",7,"['رجل', 'يرتدي', 'قميص', '+', 'ا', 'أزرق', 'و', '+', 'قبع', '+', 'ة', 'و', '+', 'قبع', '+', 'ة']",16,رجل في قميص أزرق يرتدي سترة حمراء,رجل يرتدي قميصا أزرق وقبعة وقبعة
151,000000152158.jpg,"['لاعب', 'كرة', 'القدم', 'في', 'حقل']",5,"['لاعب', 'كر', '+', 'ة', 'ال', '+', 'قدم', 'في', 'ال', '+', 'كر', '+', 'ة']",13,لاعب كرة القدم في حقل,لاعب كرة القدم في الكرة
152,000000472569.jpg,"['مجموعة', 'من', 'الناس', 'في', 'الشارع']",5,"['ال', '+', 'ناس', 'في', 'ال', '+', 'شارع']",7,مجموعة من الناس في الشارع,الناس في الشارع
153,000000488809.jpg,"['رجل', 'يرتدي', 'قبعة', 'حمراء']",4,"['فتا', '+', 'ة', 'صغير', '+', 'ة', 'صغير', '+', 'ة', 'في', 'ال', '+', 'شارع']",13,رجل يرتدي قبعة حمراء,فتاة صغيرة صغيرة في الشارع
154,000000046537.jpg,"['رجل', 'يجلس', 'في', 'سيارة']",4,"['سيار', '+', 'ة', 'من', 'ال', '+', 'ناس', 'في', 'ال', '+', 'شارع']",11,رجل يجلس في سيارة,سيارة من الناس في الشارع
155,000000121430.jpg,"['رجل', 'يركب', 'دراجة', 'نارية']",4,"['رجل', 'يركب', 'دراج', '+', 'ة', 'ناري', '+', 'ة']",8,رجل يركب دراجة نارية,رجل يركب دراجة نارية
156,000000150955.jpg,"['رجل', 'وامرأة', 'في', 'قميص', 'أزرق']",5,"['امرأ', '+', 'ة', 'صغير', '+', 'ة', 'في', 'ال', '+', 'شارع']",10,رجل وامرأة في قميص أزرق,امرأة صغيرة في الشارع
157,000000346384.jpg,"['الناس', 'في', 'الشارع']",3,"['ال', '+', 'ناس', 'في', 'ال', '+', 'شارع']",7,الناس في الشارع,الناس في الشارع
158,000000023489.jpg,"['شخصان', 'في', 'قارب', 'في', 'الماء']",5,"['شخص', '+', 'ان', 'في', 'ال', '+', 'ماء']",7,شخصان في قارب في الماء,شخصان في الماء
159,000000066388.jpg,"['رجل', 'يجلس', 'على', 'طاولة']",4,"['رجل', 'يرتدي', 'قميص', '+', 'ا', 'أبيض', 'و', '+', 'ال', '+', 'لون', 'ال', '+', 'أبيض', 'و', '+', 'ال', '+', 'أبيض', 'و', '+', 'ال', '+', 'أبيض']",24,رجل يجلس على طاولة,رجل يرتدي قميصا أبيض واللون الأبيض والأبيض والأبيض
160,000000079077.jpg,"['مجموعة', 'من', 'الناس', 'في', 'الماء']",5,"['مجموع', '+', 'ة', 'من', 'ال', '+', 'ناس', 'في', 'ال', '+', 'ماء']",11,مجموعة من الناس في الماء,مجموعة من الناس في الماء
161,000000555457.jpg,"['اثنين', 'من', 'الكلاب', 'يلعبون', 'في', 'حقل']",6,"['كلب', '+', 'ان', 'يلعب', '+', 'ان', 'في', 'ال', '+', 'عشب']",10,اثنين من الكلاب يلعبون في حقل,كلبان يلعبان في العشب
162,000000025603.jpg,"['فتاة', 'صغيرة', 'تجلس', 'على', 'طاولة']",5,"['امرأ', '+', 'ة', 'صغير', '+', 'ة', 'في', 'ال', '+', 'شارع']",10,فتاة صغيرة تجلس على طاولة,امرأة صغيرة في الشارع
163,000000125015.jpg,"['اثنين', 'من', 'الكلاب', '<unk>', '<unk>']",5,"['امرأ', '+', 'ة', 'صغير', '+', 'ة', 'صغير', '+', 'ة', 'صغير', '+', 'ة', 'في', 'ال', '+', 'شارع']",16,اثنين من الكلاب <unk> <unk>,امرأة صغيرة صغيرة صغيرة في الشارع
164,000000142321.jpg,"['صبي', 'صغير', 'يقف', 'على', 'الرصيف']",5,"['صبي', 'صغير', 'يلعب', 'في', 'ال', '+', 'هواء']",7,صبي صغير يقف على الرصيف,صبي صغير يلعب في الهواء
165,000000569314.jpg,"['مجموعة', 'من', 'الناس', 'يجلسون', 'على', 'طاولة']",6,"['طفل', '+', 'ان', 'يلعب', '+', 'ان', 'في', 'ال', '+', 'هواء']",10,مجموعة من الناس يجلسون على طاولة,طفلان يلعبان في الهواء
166,000000577421.jpg,"['اثنين', 'من', 'الكلاب', 'يلعبون', 'في', 'حقل']",6,"['اثنين', 'من', 'ال', '+', 'كلاب', 'يلعب', '+', 'ان', 'في', 'ال', '+', 'عشب']",12,اثنين من الكلاب يلعبون في حقل,اثنين من الكلاب يلعبان في العشب
167,000000068439.jpg,"['رجل', 'يجلس', 'على', 'طاولة']",4,"['ال', '+', 'رجل', 'على', 'ال', '+', 'ماء']",7,رجل يجلس على طاولة,الرجل على الماء
168,000000096307.jpg,"['رجل', 'يجلس', 'على', 'مقعد']",4,"['ال', '+', 'رجل', 'في', 'ال', '+', 'ماء']",7,رجل يجلس على مقعد,الرجل في الماء
169,000000417650.jpg,"['رجل', 'يجلس', 'على', 'طاولة']",4,"['رجل', 'و', '+', 'امرأ', '+', 'ة', 'صغير', '+', 'ة', 'في', 'ال', '+', 'شارع']",13,رجل يجلس على طاولة,رجل وامرأة صغيرة في الشارع
170,000000418575.jpg,"['صبي', 'صغير', 'يجلس', 'على', 'الأرض']",5,"['امرأ', '+', 'ة', 'صغير', '+', 'ة', 'في', 'قميص', '+', 'ا']",10,صبي صغير يجلس على الأرض,امرأة صغيرة في قميصا
171,000000486581.jpg,"['مجموعة', 'من', 'الناس', 'يجلسون', 'على', 'طاولة']",6,"['مجموع', '+', 'ة', 'من', 'ال', '+', 'ناس', 'في', 'ال', '+', 'هواء']",11,مجموعة من الناس يجلسون على طاولة,مجموعة من الناس في الهواء
172,000000521096.jpg,"['فتاة', 'صغيرة', 'في', 'قميص', 'أزرق']",5,"['فتا', '+', 'ة', 'صغير', '+', 'ة', 'صغير', '+', 'ة', 'صغير', '+', 'ة', 'في', 'ال', '+', 'هواء']",16,فتاة صغيرة في قميص أزرق,فتاة صغيرة صغيرة صغيرة في الهواء
173,000000350737.jpg,"['صبي', 'صغير', 'يجلس', 'على', 'طاولة']",5,"['امرأ', '+', 'ة', 'صغير', '+', 'ة', 'صغير', '+', 'ة', 'في', 'ال', '+', 'شارع']",13,صبي صغير يجلس على طاولة,امرأة صغيرة صغيرة في الشارع
174,000000394104.jpg,"['كلب', 'أبيض', 'وأسود', 'يركض', 'على', 'الشاطئ']",6,"['شخص', '+', 'ان', 'على', 'ال', '+', 'شاطئ']",7,كلب أبيض وأسود يركض على الشاطئ,شخصان على الشاطئ
175,000000151732.jpg,"['مجموعة', 'من', 'الناس', 'يلعبون', 'كرة', 'القدم']",6,"['مجموع', '+', 'ة', 'من', 'ال', '+', 'ناس', 'في', 'ال', '+', 'ملعب']",11,مجموعة من الناس يلعبون كرة القدم,مجموعة من الناس في الملعب
176,000000485473.jpg,"['شخص', 'يركب', 'دراجة', 'نارية']",4,"['رجل', 'يركب', 'دراج', '+', 'ة', 'ناري', '+', 'ة', 'ناري', '+', 'ة']",11,شخص يركب دراجة نارية,رجل يركب دراجة نارية نارية
177,000000207026.jpg,"['مجموعة', 'من', 'الناس', 'يقفون', 'في', 'حقل']",6,"['رجل', '+', 'ان', 'على', 'ال', '+', 'دراج', '+', 'ة']",9,مجموعة من الناس يقفون في حقل,رجلان على الدراجة
178,000000264712.jpg,"['اثنين', 'من', 'الناس', '<unk>', '<unk>']",5,"['امرأ', '+', 'ة', 'صغير', '+', 'ة', 'في', 'ال', '+', 'هواء']",10,اثنين من الناس <unk> <unk>,امرأة صغيرة في الهواء
179,000000304854.jpg,"['مجموعة', 'من', 'الناس', 'يلعبون', 'في', 'الغابة']",6,"['اثنين', 'من', 'ال', '+', 'كلاب', 'يلعب', '+', 'ون', 'في', 'ال', '+', 'هواء']",12,مجموعة من الناس يلعبون في الغابة,اثنين من الكلاب يلعبون في الهواء
180,000000351973.jpg,"['مجموعة', 'من', 'الناس', 'على', 'الشاطئ']",5,"['مجموع', '+', 'ة', 'من', 'ال', '+', 'ناس', 'في', 'ال', '+', 'شارع']",11,مجموعة من الناس على الشاطئ,مجموعة من الناس في الشارع
181,000000172989.jpg,"['رجل', 'يقف', 'في', 'الثلج']",4,"['رجل', 'يقف', 'على', 'ال', '+', 'ثلج']",6,رجل يقف في الثلج,رجل يقف على الثلج
182,000000214524.jpg,"['اثنين', 'من', 'الكلاب', 'يلعبون', 'كرة', 'القدم']",6,"['طفل', '+', 'ان', 'في', 'ال', '+', 'شارع']",7,اثنين من الكلاب يلعبون كرة القدم,طفلان في الشارع
183,000000457226.jpg,"['رجل', 'يجلس', 'على', 'مقعد']",4,"['شخص', '+', 'ان', 'في', 'ال', '+', 'شارع']",7,رجل يجلس على مقعد,شخصان في الشارع
184,000000481212.jpg,"['رجل', 'يجلس', 'على', 'مقعد']",4,"['اثنين', 'من', 'ال', '+', 'كلاب', 'يلعب', '+', 'ون', 'في', 'ال', '+', 'هواء']",12,رجل يجلس على مقعد,اثنين من الكلاب يلعبون في الهواء
185,000000485185.jpg,"['مجموعة', 'من', 'الناس', 'يجلسون', 'على', 'الأرض']",6,"['مجموع', '+', 'ة', 'من', 'ال', '+', 'ناس']",7,مجموعة من الناس يجلسون على الأرض,مجموعة من الناس
186,000000003711.jpg,"['كلب', 'أسود', 'يقفز', 'في', 'الهواء']",5,"['كلب', 'أسود', 'يقفز', 'في', 'ال', '+', 'هواء']",7,كلب أسود يقفز في الهواء,كلب أسود يقفز في الهواء
187,000000288724.jpg,"['رجل', 'يجلس', 'على', 'السرير']",4,"['رجل', 'يجلس', 'على', 'ال', '+', 'رصيف']",6,رجل يجلس على السرير,رجل يجلس على الرصيف
188,000000366141.jpg,"['رجل', 'يجلس', 'على', 'مقعد']",4,"['ال', '+', 'ناس', 'في', 'ال', '+', 'شارع']",7,رجل يجلس على مقعد,الناس في الشارع
189,000000219283.jpg,"['اثنين', 'من', 'الناس', '<unk>', '<unk>']",5,"['اثنين', 'من', 'ال', '+', 'كلاب', 'يلعب', '+', 'ون', 'في', 'ال', '+', 'هواء']",12,اثنين من الناس <unk> <unk>,اثنين من الكلاب يلعبون في الهواء
190,000000320150.jpg,"['مجموعة', 'من', 'الأطفال', 'يلعبون', 'في', 'الخارج']",6,"['ثلاث', '+', 'ة', 'أطفال', 'ال', '+', 'أطفال', 'في', 'ال', '+', 'ماء']",11,مجموعة من الأطفال يلعبون في الخارج,ثلاثة أطفال الأطفال في الماء
191,000000081070.jpg,"['صبي', 'صغير', 'يرتدي', 'سترة', 'حمراء']",5,"['امرأ', '+', 'ة', 'صغير', '+', 'ة', 'صغير', '+', 'ة', 'في', 'ال', '+', 'شارع']",13,صبي صغير يرتدي سترة حمراء,امرأة صغيرة صغيرة في الشارع
192,000000371280.jpg,"['اثنين', 'من', 'الكلاب', 'السوداء']",4,"['اثنين', 'من', 'ال', '+', 'كلاب', 'ال', '+', 'بني', '+', 'ة', 'في', 'ال', '+', 'ماء']",14,اثنين من الكلاب السوداء,اثنين من الكلاب البنية في الماء
193,000000450864.jpg,"['امرأة', 'تجلس', 'على', 'طاولة', '<unk>']",5,"['امرأ', '+', 'ة', 'صغير', '+', 'ة', 'في', 'ال', '+', 'شارع']",10,امرأة تجلس على طاولة <unk>,امرأة صغيرة في الشارع
194,000000022256.jpg,"['رجل', 'يجلس', 'على', 'منحدر']",4,"['رجل', 'يرتدي', 'قميص', '+', 'ا', 'أحمر', 'و', '+', 'أسود', '+', 'ة', 'في', 'ال', '+', 'هواء']",15,رجل يجلس على منحدر,رجل يرتدي قميصا أحمر وأسودة في الهواء
195,000000026764.jpg,"['كلب', 'أسود', 'في', 'الماء']",4,"['ال', '+', 'طفل', 'في', 'ال', '+', 'ماء']",7,كلب أسود في الماء,الطفل في الماء
196,000000580172.jpg,"['رجل', 'في', 'قميص', 'أصفر']",4,"['ال', '+', 'كلب', 'ال', '+', 'بني', 'و', '+', 'ال', '+', 'أسود', 'و', '+', 'ال', '+', 'أسود', 'و', '+', 'ال', '+', 'أبيض']",21,رجل في قميص أصفر,الكلب البني والأسود والأسود والأبيض
197,000000106660.jpg,"['رجل', 'يجلس', 'على', 'مقعد']",4,"['ال', '+', 'ناس', 'في', 'ال', '+', 'هواء']",7,رجل يجلس على مقعد,الناس في الهواء
