caption,id,file_path
الناس يعبرون الشارع في بلدة صينية مزدحمة.,64183,000000064183.jpg
شخص يحمل مظلة صفراء يمشي بالقرب من الرصيف.,64183,000000064183.jpg
شخص في الشارع  يجر عربة تسوق  ويحمل مظلة.,64183,000000064183.jpg
امرأة في شارع مزدحم مع عربة تسوق ومظلة.,64183,000000064183.jpg
أشخاص يسيرون وسيارات تسير في شارع بجوار متاجر,64183,000000064183.jpg
طائر يجلس على ظهر كرسي.,65288,000000065288.jpg
جسم أصفر وأخضر يجلس فوقه طائر بني.,65288,000000065288.jpg
طائر صغير يجلس على كرسي بجانب طاولة.,65288,000000065288.jpg
الطيور الصغيرة على ظهر الكراسي في مطعم في الهواء الطلق,65288,000000065288.jpg
بعض الأثاث الأصفر الجميل بالقرب من شارع مزدحم,65288,000000065288.jpg
المتفرجون يشاهدون لاعبي البيسبول يلعبون لعبة في الملعب,144000,000000144000.jpg
هناك مباراة بيسبول جارية في الملعب,144000,000000144000.jpg
لاعب بيسبول يستعد لضرب الكرة مع حشد من الجمهور.,144000,000000144000.jpg
لاعبي البيسبول يلعبون البيسبول أمام العديد من المتفرجين.,144000,000000144000.jpg
لاعب بيسبول يحمل مضربًا في الملعب,144000,000000144000.jpg
رجل يرتدي زيًا رسميًا يتحدث على الهاتف في مكتب العمل.,323789,000000323789.jpg
رجل يرتدي زيا عسكريا يتحدث في الهاتف.,323789,000000323789.jpg
جندي في المكتب يتلقى مكالمة هاتفية.,323789,000000323789.jpg
رجل عسكري على الهاتف في مكتبه,323789,000000323789.jpg
رجل يرتدي زيًا رسميًا جهاز كمبيوتر محمول وملصق وهاتف,323789,000000323789.jpg
بعض الناس على شاطئ رملي مع دراجة.,416098,000000416098.jpg
امرأتان تقفان بجوار دراجة على الشاطئ.,416098,000000416098.jpg
الناس يقفون على الشاطئ مع الطائرات الورقية والدراجات مع السماء الملبدة بالغيوم,416098,000000416098.jpg
امرأة على الشاطئ بالحقائب والدراجة.,416098,000000416098.jpg
النساء على الشاطئ مع العديد من الأطفال والطائرات الورقية,416098,000000416098.jpg
حقل مليء بالأعلام الأمريكية بجوار صنبور إطفاء.,121785,000000121785.jpg
مجموعة من الأعلام الأمريكية غرست فى الأرض.,121785,000000121785.jpg
تقف عدة أعلام أمريكية على العشب.,121785,000000121785.jpg
مجموعة من الأعلام الأمريكية على العشب بالقرب من بعض الناس,121785,000000121785.jpg
غرست العديد من الأعلام على الأرض في منطقة عشبية,121785,000000121785.jpg
امرأة تستخدم هاتفًا خلويًا لالتقاط صورة لها مع قطتها ملفوفة حول رقبتها.,287735,000000287735.jpg
"امرأة تلتقط ""صورة شخصية"" وهاتفها المحمول مع قطة على كتفها.",287735,000000287735.jpg
امرأة مع قطة على كتفيها وهاتف محمول في يدها ينعكس في مرآة.,287735,000000287735.jpg
شخص يلتقط صورة في المرآة,287735,000000287735.jpg
امرأة تحمل هاتفًا خلويًا وقطة سوداء وبيضاء على كتفيها,287735,000000287735.jpg
شخصان يعبران الشارع ولديهما بعض الأعمال المنجزة.,356060,000000356060.jpg
رجلان على وشك عبور شارع حيث توجد أقماع أمان,356060,000000356060.jpg
مجموعة من الأشخاص يعبرون الشارع عند ممر متقاطع.,356060,000000356060.jpg
مجموعة من الناس يسيرون في الشارع.,356060,000000356060.jpg
عبور اثنين من المارة التقاطع بين أعمال الترميم,356060,000000356060.jpg
شاب يقف أمام متجر  canon.,386707,000000386707.jpg
موظف في متجر canon يقف أمام علبة سلع من نوع canon.,386707,000000386707.jpg
شاب يعمل في محل لبيع الكاميرات لبيع العدسات,386707,000000386707.jpg
رجل يرتدي ربطة عنق أمام علبة زجاجية.,386707,000000386707.jpg
هذا الشاب هو مندوب مبيعات كانون وهو يقف أمام خزانة زجاجية مع منتجات كانون.,386707,000000386707.jpg
رجلان على حافة المحيط يرتديان بذلات غطس.,440610,000000440610.jpg
رجلين يركضون في المحيط.,440610,000000440610.jpg
زوجان من الرجال يركضون في الماء,440610,000000440610.jpg
يركض الرجال في الماء وهم يرتدون سراويل قصيرة.,440610,000000440610.jpg
ركض صبيان في الأمواج ، أحدهما ألقى بملابسه في الهواء,440610,000000440610.jpg
منظر من الجو لشارع المدينة مع شاحنة,72998,000000072998.jpg
شاحنة تسحب هيكل بناء مستطيل الشكل.,72998,000000072998.jpg
شاحنة بيضاء تسحب مقطورة بينما يمر رجل بملابس سوداء بجانبها.,72998,000000072998.jpg
شاحنة متوقفة في الشارع بجوار مبنى,72998,000000072998.jpg
نصف شاحنة بهيكل معدني أصفر على مقطورتها,72998,000000072998.jpg
شخصان يحملان الأجهزة الذكية في علب ملونة.,106438,000000106438.jpg
شخصان يحملان هاتفيهما معًا جنبًا إلى جنب.,106438,000000106438.jpg
شخص واحد يحمل هاتفًا خلويًا أرجوانيًا بجانب شخص به هاتف خلوي برتقالي.,106438,000000106438.jpg
هاتفان خلويان بجانب بعضهما البعض مع تفعيل التطبيق,106438,000000106438.jpg
شخصان يلعبان لعبة فيديو.,106438,000000106438.jpg
طفل يقص شعره على يد شخص آخر.,358104,000000358104.jpg
فتاة تقوم بتمشيط شعرها من قبل شخص بالغ.,358104,000000358104.jpg
فتاة صغيرة تجف شعرها.,358104,000000358104.jpg
امرأة ذات قميص أحمر مربعات مع منشفة حول رقبتها.,358104,000000358104.jpg
صورة مقربة لفتاة صغيرة تقوم بتصفيف شعرها.,358104,000000358104.jpg
لاعب بيسبول يتأرجح بمضرب على لوحة المنزل.,458543,000000458543.jpg
لاعب بيسبول يتأرجح في أرضية الملعب أثناء المباراة.,458543,000000458543.jpg
 ضارب   يأرجح مضربه في مباراة بيسبول.,458543,000000458543.jpg
لاعب بيسبول يتأرجح بجانب ماسك وحكم,458543,000000458543.jpg
شخص يسير في زقاق قديم مهجور,480454,000000480454.jpg
شخصان يسيران في الشارع بجانب المباني.,480454,000000480454.jpg
طريق حليف بين مجموعتين من المباني مع شخصين في نهاية الممشى.,480454,000000480454.jpg
شخصان يسيران في شارع ضيق ومهجور.,480454,000000480454.jpg
زوجين يجريان في الشارع في منطقة المدينة القديمة مع المباني المبنية من الطوب.,480454,000000480454.jpg
إشارة مرور بجوار لافتة شارع مكتوب عليها هوليوود.,127575,000000127575.jpg
علامة شارع وإيقاف الضوء بإعلان على مبنى قريب.,127575,000000127575.jpg
ضوء شارع وعلامة طريق مكتوب عليها هوليوود.,127575,000000127575.jpg
هناك لافتة شارع هوليوود على إشارة المرور,127575,000000127575.jpg
اللافتة الزرقاء بجانب المبنى الحجري والزجاجي تقول هوليوود.,127575,000000127575.jpg
شخصان يحملان ألواح ركوب الأمواج ويرتديان نظارات واقية,274907,000000274907.jpg
امرأتان متزلقتان على الجليد تبتسمان وتمسكان ألواحهما.,274907,000000274907.jpg
زوجان من الأشخاص لديهم ألواح تزلج في الغرفة.,274907,000000274907.jpg
شابتان ترتديان نظارات واقية من الجليد وسترات التزلج تبتسمان بألواح التزلج الخاصة بهما.,274907,000000274907.jpg
سيدتان جاهزتان وتبتسمان بنظارات الفضاء على جباههما.,274907,000000274907.jpg
طفل صغير يتعلم  التزلج.,306585,000000306585.jpg
طفل على زلاجات يقف على منحدر تزلج.,306585,000000306585.jpg
فتاة صغيرة على زوج من الزلاجات الثلجية.,306585,000000306585.jpg
طفل صغير يقف على ضفة مغطاة بالثلوج يرتدي الزلاجات.,306585,000000306585.jpg
شاب يرتدي ملابس التزلج على الزلاجات.,306585,000000306585.jpg
ساعة كبيرة معروضة في الطابق الثاني من الغرفة.,430079,000000430079.jpg
تمثال نصب فوق بعض الدرابزين.,430079,000000430079.jpg
هناك ساعة على درابزين الشرفة فوق المدخل.,430079,000000430079.jpg
ساعة ولوحات قديمة تصطف على الحائط.,430079,000000430079.jpg
تمثال نسر أمام اللوحات يطل على غرفة مزخرفة.,430079,000000430079.jpg
تم تصوير ثلاثة أشخاص خارج طائرة أصغر.,554459,000000554459.jpg
زوجان من الأشخاص بجوار الطائرات,554459,000000554459.jpg
امرأتان ورجل ياخذان وضعية بينما تقف طائرة خلفهما.,554459,000000554459.jpg
رجل وامرأتان يقفان بجانب طائرة.,554459,000000554459.jpg
الناس يقفون لالتقاط صورة خارج طائرة.,554459,000000554459.jpg
شابة تقرأ الكتابة على باب الثلاجة.,15725,000000015725.jpg
امرأة ترتدي قميصًا أحمر تجلس على الأرض.,15725,000000015725.jpg
امرأة ترتدي قميصًا أحمر تجلس على الأرض لترتب مغناطيسًا على الثلاجة.,15725,000000015725.jpg
المرأة جالسة على الأرض تلامس الثلاجة.,15725,000000015725.jpg
امرأة تجلس أمام فريزر ثلاجة بيضاء.,15725,000000015725.jpg
صورة بالأبيض والأسود لأشخاص يطيرون  طائرة ورقية على الشاطئ,228504,000000228504.jpg
الناس على الشاطئ مع طائرة ورقية تحلق في الهواء.,228504,000000228504.jpg
الناس على الشاطئ يلعبون بطائرة ورقية.,228504,000000228504.jpg
طائرة ورقية تحلق في المساحات المفتوحة الواسعة على الشاطئ.,228504,000000228504.jpg
صورة بالأبيض والأسود لأشخاص على الشاطئ.,228504,000000228504.jpg
لقطة مقرّبة لشخص يلتقط صورة في المرآة,290114,000000290114.jpg
امرأة جميلة تقف بجانب رجل بهاتف محمول.,290114,000000290114.jpg
شخصان يرتديان ملابس رسمية يلتقطان صورة في المرآة.,290114,000000290114.jpg
زوجان يستخدمان هاتفًا خلويًا لالتقاط صورة لهما.,290114,000000290114.jpg
رجل وامرأة يلتقطان صورة بهاتف محمول.,290114,000000290114.jpg
طفل في سرير يحمل فرشاة أسنان.,360152,000000360152.jpg
طفل صغير يرقد في سريره يضحك على لعبته.,360152,000000360152.jpg
صبي صغير في سرير يحمل فرشاة,360152,000000360152.jpg
الطفل الصغير يرقد في سريره وينظف أسنانه.,360152,000000360152.jpg
طفل آسيوي في سرير يحمل فرشاة.,360152,000000360152.jpg
زوجان يقطعان كعكة بجانب إناء.,422982,000000422982.jpg
يستخدم زوجان سكينًا لقطع الكعكة.,422982,000000422982.jpg
العروس والعريس يقطعان كعكة من ثلاث طبقات.,422982,000000422982.jpg
رجل وامرأة يقطعان كعكة معًا.,422982,000000422982.jpg
زوجان شابان يقطعان كعكة زفاف بيضاء.,422982,000000422982.jpg
رجل يمسك الخيط لبعض الطائرات الورقية.,20245,000000020245.jpg
رجل يقف في حقل مع طائرة ورقية ملونة,20245,000000020245.jpg
رجل يلعب بالخارج بطائرة ورقية متعددة الألوان,20245,000000020245.jpg
رجلان في حقل يستعدان لاطلاق الطائرات الورقية.,20245,000000020245.jpg
رجل يقف على حقل مغطى بالعشب بجوار غابة.,20245,000000020245.jpg
شخص يرتدي سترة أرجوانية يتزلج على المنحدرات المجاورة للأشجار.,63703,000000063703.jpg
شخص يتجه بسرعة إلى منحدر تزلج على الزلاجات,63703,000000063703.jpg
رجل يركب الزلاجات أسفل منحدر مغطى بالثلج.,63703,000000063703.jpg
هذا الرجل يتزلج نزولاً على تل بينما يميل للخلف.,63703,000000063703.jpg
شخص يرتدي بدلة أرجوانية يتزلج منزلقا  على تل ثلجي.,63703,000000063703.jpg
شخص يحمل شطيرة بيتزا فوق طبق أبيض.,252783,000000252783.jpg
شخص في مطعم يأكل شطيرة بنجر قذرة.,252783,000000252783.jpg
شخص يحمل بعض الطعام على طبق,252783,000000252783.jpg
سيأكل الشخص شطيرة محمصة باللحم.,252783,000000252783.jpg
شخص يحمل نصف شطيرة على طاولة.,252783,000000252783.jpg
رجل يقوم بخدعة على لوح تزلج.,465911,000000465911.jpg
يقوم الصبي بخدعة على لوح التزلج الخاص به.,465911,000000465911.jpg
شاب على لوح التزلج بجوار حاجز.,465911,000000465911.jpg
شاب يقوم بخدعة على حاجز  تزلج.,465911,000000465911.jpg
صبي صغير يركب لوح تزلج أمام ممر إلى مرآب.,465911,000000465911.jpg
رجل يأرجح  مضرب تنس فوق ملعب تنس.,476826,000000476826.jpg
رجل يستعد لضرب الكرة خلال مباراة تنس.,476826,000000476826.jpg
رجل يستعد لضرب كرة تنس تقترب,476826,000000476826.jpg
رجل يقف على ملعب تنس مع مضرب,476826,000000476826.jpg
رجل يرتدي قميصًا أسود وسروالًا أبيض يسدد كرة تنس,476826,000000476826.jpg
غرفة معيشة مع رف وطاولة قهوة وأرائك,206922,000000206922.jpg
صورة لغرفة المعيشة مع طاولة القهوة,206922,000000206922.jpg
مشهد غرفة المعيشة مع أثاث متنوع ومرآة بحجم الحائط.,206922,000000206922.jpg
غرفة معيشة مليئة بالأثاث ومركز ترفيهي.,206922,000000206922.jpg
منزل مليء بأثاث غير متناسق؛ يدخل الناس من الباب.,206922,000000206922.jpg
فتاة صغيرة تحمل جهاز تحكم في ألعاب الفيديو بجانب شخصية بالغة.,240339,000000240339.jpg
فتاة آسيوية صغيرة تحمل جهاز تحكم عن بعد.,240339,000000240339.jpg
فتاة تقف خلف والدها بجهاز تحكم عن بعد في يدها.,240339,000000240339.jpg
طفل يحمل وحدة تحكم بجانب شخص بالغ,240339,000000240339.jpg
طفل صغير في قميص أبيض يحمل وحدة تحكم بيضاء.,240339,000000240339.jpg
اللاعب يرمي كرة من منطقته,453959,000000453959.jpg
لاعب  دورى يشارك في المنافسة.,453959,000000453959.jpg
لاعب بيسبول يقف في دائرة من التراب,453959,000000453959.jpg
رجل يرمي كرة في لعبة بيسبول,453959,000000453959.jpg
لاعب بيسبول يرمي كرة من منطقته.,453959,000000453959.jpg
 أشخاص   ينظرون ويتحدثون عن دراجة نارية معروضة.,519652,000000519652.jpg
دراجة نارية بالأبيض والأسود تقف في منتصف أرضية العرض.,519652,000000519652.jpg
دراجة نارية بيضاء معروضة في معرض تجاري.,519652,000000519652.jpg
دراجة نارية معروضة في الداخل و أشخاص ينظرون إليها.,519652,000000519652.jpg
دراجة بيضاء متوقفة في الداخل وأشخاص يقفون بجانبها.,519652,000000519652.jpg
رجل يطير في الهواء أثناء ركوب لوح التزلج.,530936,000000530936.jpg
رجل يقفز في الهواء أثناء وجوده على لوح التزلج.,530936,000000530936.jpg
متزلج على الجليد يقفز أمام المتفرجين.,530936,000000530936.jpg
شخص يقفز في الهواء مع لوح التزلج.,530936,000000530936.jpg
متسابق يقوم بالقفز باستخدام لوح التزلج حيث يقف الآخرون خلف منطقة معزولة .,530936,000000530936.jpg
رجل يقف بجانب ساق كبير من الموز.,255992,000000255992.jpg
ساقان من الموز معلقان بجانب رجل,255992,000000255992.jpg
رجل يحدق امام بعض الموز الناضج,255992,000000255992.jpg
رجل يقف أمام سيقان الموز,255992,000000255992.jpg
رجل يقف أمام بعض الموز,255992,000000255992.jpg
رجل يتكئ على عمود بينما ينظر إلى هاتفه الخلوي.,273898,000000273898.jpg
رجل يتكئ على عمود بالقرب من مقعد.,273898,000000273898.jpg
رجل لديه هاتف يتكئ على عمود.,273898,000000273898.jpg
رجل يتكئ على عمود وينظر إلى الهاتف المحمول.,273898,000000273898.jpg
رجل يتكئ على عمود أثناء استخدام هاتفه الخلوي.,273898,000000273898.jpg
رجل يضع شيئًا ما في وعاء,285821,000000285821.jpg
شخص يعد بعض الطعام في المطبخ.,285821,000000285821.jpg
رجل في المطبخ يعد الطعام,285821,000000285821.jpg
ر رجل بمئزر يحض خليطًا في وعاء.,285821,000000285821.jpg
    شخص يسكب شيئًا في وعاء,285821,000000285821.jpg
عرض للبيتزا فى طبق عميق في الصندوق الذي وصل فيه للتو,390238,000000390238.jpg
بيتزا   داخل صندوق كرتون صغير.,390238,000000390238.jpg
بيتزا بالسجق والبيبروني والزيتون في علبة.,390238,000000390238.jpg
علبة بيتزا في يد شخص.,390238,000000390238.jpg
بيتزا شخصية صغيرة موضوعة في علبة بيتزا.,390238,000000390238.jpg
كثير من الناس يقفون مع شخص  يحمل مقصًا كبيرًا,550944,000000550944.jpg
مجموعة كبيرة من رجال الأعمال فى قص الشريط في الافتتاح الكبير.,550944,000000550944.jpg
مجموعة من الأشخاص يحملون مقصًا خلف شريط.,550944,000000550944.jpg
مجموعة من الأشخاص يقطعون شريطًا بمقص ضخم.,550944,000000550944.jpg
يقف رجل بمقص كبير خلف شريط أحمر.,550944,000000550944.jpg
رجل يمشي على طول الشاطئ مع لوح ركوب الأمواج.,203690,000000203690.jpg
شخص يمشي عبر الشاطئ حاملاً لوح ركوب الأمواج.,203690,000000203690.jpg
شخص على الشاطئ مع لوح ركوب الأمواج.,203690,000000203690.jpg
شخص يسير على الشاطئ مع لوح ركوب الأمواج.,203690,000000203690.jpg
شخص يسير على الشاطئ مع لوح ركوب الأمواج.,203690,000000203690.jpg
قطار يمر بمحطة بها كتابات على الجدران,233341,000000233341.jpg
رجل وحيد يمشي على رصيف قطار.,233341,000000233341.jpg
رجل يمشي من جانب محطة القطار.,233341,000000233341.jpg
شخص ما يسير بجانب لوحة فنية تظهر بين قطارين.,233341,000000233341.jpg
صورة بالأبيض والأسود توجد في محطة قطار.,233341,000000233341.jpg
صورة حافلة في الشارع.,299343,000000299343.jpg
حافلة حمراء وبيضاء تسير على طريق تصطف على جانبيه الأشجار,299343,000000299343.jpg
زوجان من الحافلات السياحية تسير على طول طريق تصطف على جانبيه الأشجار.,299343,000000299343.jpg
تسير حافلة حمراء وبيضاء في شارع تصطف على جانبيه الأشجار.,299343,000000299343.jpg
حافلات نقل حديثة تسير على طول طريق ريفي,299343,000000299343.jpg
نهر به     العديد من  قوارب الكاياك و المراكب الشراعية.,348496,000000348496.jpg
صورة جوية لنهر بالمراكب والمركبات.,348496,000000348496.jpg
مجموعة من القوارب الصغيرة تطفو على النهر.,348496,000000348496.jpg
العديد من القوارب تقف  على طول النهر بجوار طريق.,348496,000000348496.jpg
نهر بجوار طريق مع عدة قوارب في الماء,348496,000000348496.jpg
امرأة تجلس على طاولة تراقب الفيلة من بعيد,417983,000000417983.jpg
امرأة على مقعد حجري تراقب الفيلة في العشب,417983,000000417983.jpg
المرأة تجلس على مقعد أسمنت تراقب الأفيال.,417983,000000417983.jpg
امرأة تنظر إلى بعض الأفيال في بيئتها الطبيعية.,417983,000000417983.jpg
امرأة تجلس على منصة من الطوب بينما يتواجد فيلان على مسافة بعيدة على العشب.,417983,000000417983.jpg
يتم تحميل طائرة عملاقة ذات محرك مزدوج.,13348,000000013348.jpg
طائرة كبيرة واقفة في المطار.,13348,000000013348.jpg
طائرة جوية كبيرة على مخرج,13348,000000013348.jpg
طائرة تابعة للخطوط الجوية اليابانية متوقفة في أحد المطارات.,13348,000000013348.jpg
طائرة نفاثة من طراز jal على مدرج المطار.,13348,000000013348.jpg
شخص يتزلج على الثلج ، في الجبل.,15050,000000015050.jpg
شخص على الزلاجات يتزلج عبر الثلج,15050,000000015050.jpg
رجل يركب الزلاجات أسفل منحدر مغطى بالثلج.,15050,000000015050.jpg
شخص يتزلج نزولاً في منطقة ثلجية.,15050,000000015050.jpg
شخص يقف على الزلاجات في الثلج.,15050,000000015050.jpg
 صورة قديمة لثلاث فتيات كشافة.,208174,000000208174.jpg
ثلاث نساء كشافة يحدقن في شيء ما معًا.,208174,000000208174.jpg
ثلاث نساء يرتدين زيًا رسميًا من نوع ما.,208174,000000208174.jpg
رئيس الكشافة يخيط شيء لفتاة الكشافة.,208174,000000208174.jpg
مجموعة من النساء بالزي الرسمي يقفن معًا.,208174,000000208174.jpg
صبي يجلس على العشب أمام طفلة تحمل قرصًا مضغوطًا.,277956,000000277956.jpg
فتاة صغيرة تسلم قرصًا مضغوطًا لصبي أكبر سنًا.,277956,000000277956.jpg
يجلس صبي أحمرالشعر  يرتدي قميصًا أزرق على العشب بينما ينظر إلى فتاة صغيرة ترتدي فستانًا ورديًا وتحمل قرصًا مضغوطًا.,277956,000000277956.jpg
طفل وطفل يلعبان الفريسبي.,277956,000000277956.jpg
امرأة تجلس على الأرض أمام طفل يحمل قرصًا طائرًا.,277956,000000277956.jpg
حافلة ركاب يتم سحبها على جانب الشارع.,356396,000000356396.jpg
حافلة حمراء وسوداء تنتظر في محطة للحافلات.,356396,000000356396.jpg
حافلة ركاب بالقرب من محطة أتوبيس خلفها مبنى,356396,000000356396.jpg
حافلة حمراء وسوداء تنقدم في الشارع,356396,000000356396.jpg
حافلة حمراء متوقفة أمام صالة ركاب.,356396,000000356396.jpg
شخص يستخدم لوح التزلج على الثلج.,4239,000000004239.jpg
شخص يرتدي ملابس الشتاء يتزلج على الجليد.,4239,000000004239.jpg
متزلج على الجليد يعبر مسار عقبة.,4239,000000004239.jpg
المتزلج على الجليد يدور حول مسار متعرج في منطقة التزلج.,4239,000000004239.jpg
رجل يركب لوح تزلج على منحدر مغطى بالثلج.,4239,000000004239.jpg
امرأة في وضع دفاعي في ملعب تنس.,75968,000000075968.jpg
امرأة مع مضرب تقف على ملعب تنس.,75968,000000075968.jpg
ضربت الفتاة كرة التنس في الشبكة.,75968,000000075968.jpg
امرأة تستعد لضرب كرة تنس في طريقها إليها.,75968,000000075968.jpg
امرأة فى وضع تأرجح مع كرة تنس,75968,000000075968.jpg
قطار يمر عبر جدارية لرجال عاملين بينما يتصاعد دخان.,148999,000000148999.jpg
لوح مع عربة قطار أمامه.,148999,000000148999.jpg
دخان يتصاعد فوق لافتة لوحة كبيرة.,148999,000000148999.jpg
الدخان المنبعث من قطار عابر يحجب لوحة جدارية ضخمة.,148999,000000148999.jpg
لوحة إعلانات كبيرة لقطار ومجموعة من الأشخاص.,148999,000000148999.jpg
طبق يحتوى على نصفي شطيرة.,261283,000000261283.jpg
ساندويتش على طريقة ديلي مع حلوى ومشروب على الطاولة.,261283,000000261283.jpg
شطيرة على طبق أبيض على طاولة.,261283,000000261283.jpg
شطيرة الشمس على طبق أبيض بجانب مشروب.,261283,000000261283.jpg
طبق أبيض يعلوه شطيرتان بجانب أواني الأكل.,261283,000000261283.jpg
رجل يقف على التراب مع كرة.,6107,000000006107.jpg
مجموعة من الناس تلعب لعبة البيسبول معًا.,6107,000000006107.jpg
ضارب في لعبة البيسبول في انتظار الللعب.,6107,000000006107.jpg
الأولاد الصغار يلعبون البيسبول في حقل تراب.,6107,000000006107.jpg
العديد من الأولاد الصغار يلعبون البيسبول في ملعب ترابي.,6107,000000006107.jpg
شاب يستريح على مرتبة على الأرض.,53121,000000053121.jpg
رجل يستلقي على مرتبة موضوعة على الأرض.,53121,000000053121.jpg
مراهق يستلقي على مرتبة على الأرض.,53121,000000053121.jpg
رجل مستلقي على بطنه فوق سرير.,53121,000000053121.jpg
رجل مستلق على سرير ينظر الى الكاميرا,53121,000000053121.jpg
حافلة ذات الوان  بيضاء و زرقاء وبرتقالية وإشارة مرور,93964,000000093964.jpg
حافلة كبيرة بيضاء وصفراء تسير على الطريق.,93964,000000093964.jpg
حافلة المدينة البيضاء تسير في شارع به حركة مرور.,93964,000000093964.jpg
حافلة بها دراجات مثبتة في المقدمة تمر عبر تقاطع.,93964,000000093964.jpg
حافلة كبيرة في المدينة تسير عبر تقاطع.,93964,000000093964.jpg
صبي يرتدي قميصًا رماديًا يمسك بمقبض أثناء وجود طائرة ورقية في السماء الملبدة بالغيوم.,365784,000000365784.jpg
صبي صغير يطير طائرة ورقية في يوم غائم.,365784,000000365784.jpg
صبي ينظر إلى الوراء وهو يحمل طائرة ورقية في الهواء.,365784,000000365784.jpg
صبي ينظر إلى الوراء وهو يحمل طائرة ورقية في السماء.,365784,000000365784.jpg
صبي صغير يطير طائرة ورقية في الهواء.,365784,000000365784.jpg
النساء والأطفال تجمعوا تحت المظلات على جانب الطريق في إحدى المدن,333207,000000333207.jpg
مجموعات من الناس يجلسون على رصيف تحت المظلات لمشاهدة موكب.,333207,000000333207.jpg
حفنة من الناس لديهم بعض المظلات في متناول اليد,333207,000000333207.jpg
أشخاص يجلسون بالخارج مع مظلات لحجب الشمس.,333207,000000333207.jpg
مجموعة من الناس يجلسون بجانب بعضهم البعض.,333207,000000333207.jpg
تظهر مرآة الحمام الشخص الذي يلتقط الصورة.,544408,000000544408.jpg
يحتوي الحمام على منضدة كبيرة وحوض ورفوف.,544408,000000544408.jpg
امرأة تلتقط صورة لمنطقة منضدة شبه مزدحمة.,544408,000000544408.jpg
منطقة حمام جذابة ولكنها مليئة بالعديد من العناصر,544408,000000544408.jpg
حمام مع حوض كبير ومرآة فوقه.,544408,000000544408.jpg
رجل خدمات الطوارئ يتفقد حزمة مكتشفة.,546010,000000546010.jpg
خبير متفجرات يتفقد طردًا مشبوهًا على تقاطع طرق المدينة.,546010,000000546010.jpg
شخص يرتدي بدلة يلتقط شيئًا من الشارع,546010,000000546010.jpg
رجل في حلة راكع بجانب صندوق,546010,000000546010.jpg
رجل يرتدي بدلة وقاية من  المفخخات يبحث تحت لافتة بحثًا عن قنبلة,546010,000000546010.jpg
 رجال يلعبون رياضة في أحد الحقول,570069,000000570069.jpg
يلعب العديد من الذكور لعبة في حقل مفتوح.,570069,000000570069.jpg
مجموعة من الشبان يلعبون لعبة الفريسبي.,570069,000000570069.jpg
مجموعة من الأشخاص يلعبون بلعبة قرص في الحديقة.,570069,000000570069.jpg
الرجال يلعبون الفريسبي في حقل بينما يراقبهم رجل,570069,000000570069.jpg
رجل يرمي قرص مضغوط أمام مبنى,572900,000000572900.jpg
شاب يرتدي قميصًا أزرق ويرمي قرصًا مضغوطًا,572900,000000572900.jpg
رجل يخرج من المبنى ويحيي شخص ما.,572900,000000572900.jpg
رجل يقذف قرصًا مضغوطًا إلى صديقه,572900,000000572900.jpg
رجل يحمل قرصًا مضغوطًا في يده اليمنى.,572900,000000572900.jpg
امرأة تخلط المكونات في قدر كبير على الموقد.,172387,000000172387.jpg
امرأة ترتدي سترة رمادية تعد الطعام في المطبخ.,172387,000000172387.jpg
شخص يسكب شيئًا في قدر.,172387,000000172387.jpg
امرأة تصب بعض الصلصة في قدر من الطعام.,172387,000000172387.jpg
شخص يقف في المطبخ مع بعض الأواني.,172387,000000172387.jpg
حصان و رجل بجانبه,226639,000000226639.jpg
رجل يقف بجانب حصان.,226639,000000226639.jpg
رجل يتكئ بجانب حصان,226639,000000226639.jpg
صورة ظلية لرجل يميل لتقبيل أنف الحصان.,226639,000000226639.jpg
رجل يضع أنفه على أنف حصان.,226639,000000226639.jpg
شخص يركب الزلاجات على سطح ثلجي,291373,000000291373.jpg
متزلج يتزلج على منحدر ثلجي في يوم مشمس.,291373,000000291373.jpg
شخص يتزلج في الثلج على منحدر جبلي.,291373,000000291373.jpg
رجل على الزلاجات يسافر أسفل التل.,291373,000000291373.jpg
شخص يرتدي معطفًا رماديًا وأبيض وهو يتزلج في الثلج.,291373,000000291373.jpg
يلعب عدد قليل من الرياضيين البيسبول في الملعب.,432657,000000432657.jpg
رجل يتأرجح بمضرب بيسبول في كرة.,432657,000000432657.jpg
عرض لعبة بيسبول احترافية من خلال شبكة شبكية.,432657,000000432657.jpg
إبريق يرمي كرة بيسبول إلى مضرب في ملعب بيسبول.,432657,000000432657.jpg
ضرب الكرة خلال لعبة البيسبول الرئيسية خلال النهار.,432657,000000432657.jpg
طفل يلعب في غرفة معيشة مليئة بألعاب الأطفال.,475906,000000475906.jpg
غرفة معيشة بها أريكة وألعاب أطفال وتلفزيون بشاشة مسطحة.,475906,000000475906.jpg
غرفة معيشة بها ألعاب أطفال على الأرض,475906,000000475906.jpg
غرفة معيشة مليئة بألعاب الأطفال والرضع,475906,000000475906.jpg
غرفة مليئة بألعاب الأطفال والمعدات.,475906,000000475906.jpg
عدد من المقاعد عليها بعض التماثيل الحجرية,158759,000000158759.jpg
المنحوتات على شكل الإنسان في أماكن مختلفة في الساحة.,158759,000000158759.jpg
تمثال لأشخاص يجلسون على مقاعد بالقرب من الأشجار,158759,000000158759.jpg
تمثال يجلس فوق مقعد خشبي.,158759,000000158759.jpg
مقعد مع  تماثيل تجلس عليه,158759,000000158759.jpg
فتى صغير يقف على الزلاجات في العشب.,160837,000000160837.jpg
صبي صغير يحمل زوجًا من أعمدة التزلج أثناء وقوفه على زوج من الزلاجات.,160837,000000160837.jpg
طفل يقف على الزلاجات ممسكًا بأعمدة على العشب.,160837,000000160837.jpg
طفل على الزلاجات في حقل بالقرب من مبنى,160837,000000160837.jpg
صبي صغير يركب الزلاجات مع أعمدة التزلج.,160837,000000160837.jpg
رجل يحمل مضرب بيسبول في ملعب بيسبول.,270248,000000270248.jpg
يقف الخليط جاهزًا للهجوم مع الماسك وأول رجل في الصورة أيضًا.,270248,000000270248.jpg
هناك لعبة بيسبول جارية ، والضارب على وشك ضرب الكرة.,270248,000000270248.jpg
لاعب بيسبول يحمل مضربه للخارج.,270248,000000270248.jpg
لاعب بيسبول يستعد لمطاردة بيسبول,270248,000000270248.jpg
راكب أمواج يركب لوح تزلج أصفر لامع في الأمواج.,376347,000000376347.jpg
رجل على لوح ركوب الأمواج في المحيط.,376347,000000376347.jpg
راكب أمواج يركب لوح تزلج أصفر وهو يضرب الأمواج.,376347,000000376347.jpg
شخص يقف على لوح ركوب الأمواج أثناء ركوب موجة.,376347,000000376347.jpg
رجل يتزلج على الماء يحجبه رذاذ الماء.,376347,000000376347.jpg
رجل على لوح ركوب الأمواج يركب الأمواج في المحيط,480747,000000480747.jpg
رجل يركب لوح ركوب الأمواج عبر الأمواج,480747,000000480747.jpg
يركز راكب أمواج متمرس على اتجاه الموجة المتجهة للداخل.,480747,000000480747.jpg
طفل يركب لوح تزلج على الماء على الشاطئ,480747,000000480747.jpg
شاب يركب موجة المحيط على لوح التزلج,480747,000000480747.jpg
رجل يرتدي زي أزرق يركل كرة القدم,26374,000000026374.jpg
لاعب كرة قدم يرتدي زي كرة قدم كامل ويقفز في الهواء فوق كرة قدم.,26374,000000026374.jpg
رجل يركض ويركل كرة القدم.,26374,000000026374.jpg
لاعب كرة قدم يركل كرة قدم.,26374,000000026374.jpg
لاعب كرة قدم يحاول السيطرة على الكرة.,26374,000000026374.jpg
تتوقف حافلة بجوار عمود إنارة.,51474,000000051474.jpg
حافلة المدينة على طريق بجوار وسيط عشبي.,51474,000000051474.jpg
حافلة تسير في شارع ذي مسربين بجوار سيارة.,51474,000000051474.jpg
حافلة ركاب حمراء وسوداء وبيضاء تسير في شارع حضري.,51474,000000051474.jpg
حافلة على جانب الطريق.,51474,000000051474.jpg
أكشاك السوق مع الموز والناس يبيعون ويشترون,55608,000000055608.jpg
عدة باقات من الموز جاهزة للبيع على الموائد وعلى الأرض.,55608,000000055608.jpg
مجموعة من الناس يتسوقون في سوق مزارع خارجي.,55608,000000055608.jpg
بعض الناس يتسوقون في الشارع لشراء الموز.,55608,000000055608.jpg
الناس في الشارع يشترون الموز من سوق الشارع,55608,000000055608.jpg
رجل يحمل كرة تنس في يد ومضرب تنس في اليد الأخرى.,436394,000000436394.jpg
رجل يرتدي قميصًا برتقاليًا يستعد لخدمة الكرة في مباراة تنس.,436394,000000436394.jpg
رجل يرتدي قميصًا برتقاليًا يستعد لخدمة الكرة أثناء المباراة.,436394,000000436394.jpg
رجل يحمل مضرب تنس وكرة في يديه.,436394,000000436394.jpg
رجل يحمل مضرب تنس وكرة,436394,000000436394.jpg
دراجات نارية مركونة في غرفة مليئة بالملصقات.,554378,000000554378.jpg
مجموعة من الدراجات النارية معدة للبيع.,554378,000000554378.jpg
هناك العديد من الدراجات الترابية تقف بالقرب من بعضها البعض,554378,000000554378.jpg
دراجتان ناريتان بجانب بعضهما البعض.,554378,000000554378.jpg
هذه أربع دراجات حمراء متوقفة على التوالي,554378,000000554378.jpg
شاب يركب لوح تزلج في حديقة تزلج.,149375,000000149375.jpg
متزلج يقوم بعمل علامة في حديقة تزلج.,149375,000000149375.jpg
متزلج يقوم بخدعة في منتزه تزلج داخلي,149375,000000149375.jpg
شخص يركب لوح تزلج على منحدر.,149375,000000149375.jpg
شخص على لوح التزلج يقوم بقفزة,149375,000000149375.jpg
رجل جالس على مقعد بجانب نهر,231034,000000231034.jpg
شخص ما يجلس على مقعد بالقرب من الماء.,231034,000000231034.jpg
شخص كبير السن جالسًا على مقعد ينظر إلى المسافة.,231034,000000231034.jpg
رجل يجلس على مقعد أمام قارب.,231034,000000231034.jpg
جثا على ركبتيه لتفقد العجلة الأمامية للدراجة النارية.,311562,000000311562.jpg
رجل في الهواء الطلق يعمل على دراجة نارية.,311562,000000311562.jpg
رجل آسيوي يصلح الإطار الأمامي لدراجته النارية,311562,000000311562.jpg
رجل يعمل على العجلة الأمامية لدراجة نارية في الليل.,311562,000000311562.jpg
رجل يرتدي سترة سوداء يعمل على دراجة نارية سوداء,311562,000000311562.jpg
مجموعة من الأشخاص في مطعم يجلسون في صف من طاولات لشخصين.,312398,000000312398.jpg
مجموعة من الرجال يجلسون حول المائدة يتناولون الطعام.,312398,000000312398.jpg
هناك العديد من الأشخاص يجلسون على هذه الطاولة الطويلة جدًا,312398,000000312398.jpg
زوجان من الرجال يتحدثون على طاولة طعام.,312398,000000312398.jpg
مجموعة من الناس جالسين يأخذون النبيذ مع كؤوس على مائدتهم.,312398,000000312398.jpg
امرأة ستلمس حصانًا في الحقل,444444,000000444444.jpg
امرأة تقف بجانب حصان أبيض وأسود.,444444,000000444444.jpg
شابة ترتدي معطفًا جلديًا على وشك أن تداعب حصانًا,444444,000000444444.jpg
امرأة تغذي حصانًا في مزرعة.,444444,000000444444.jpg
امرأة تقف أمام حصان بني.,444444,000000444444.jpg
حافلة المدينة تسير عبر حي باتجاه مطار هيثرو.,16513,000000016513.jpg
حافلة حمراء تسير في شارع أمام منزل.,16513,000000016513.jpg
حافلة ركاب حمراء كبيرة تسير على أحد الطرق.,16513,000000016513.jpg
حافلة حمراء تسير في شارع وفي الخلفية سياج وشجرة ومنزل بني.,16513,000000016513.jpg
حافلة عبور حمراء تسير على طريق مكون من حارتين.,16513,000000016513.jpg
متزلج على الماء يقفز من منحدر في بحيرة في فلوريدا,213827,000000213827.jpg
شخص على الزلاجات المائية يقوم بحيل القفز من المنحدر,213827,000000213827.jpg
شخص يقفز فوق منحدر في الماء,213827,000000213827.jpg
امرأة على زلاجة مائية في الهواء.,213827,000000213827.jpg
متزلج على الماء يقوم بشقلبة في الهواء.,213827,000000213827.jpg
رجل على دراجة بجوار الحافلة,429658,000000429658.jpg
راكب دراجة يمر بالحافلة بينما تقل الركاب.,429658,000000429658.jpg
تتوقف الحافلة عند محطة للحافلات بالقرب من مبنى ويمر الرجل بالدراجة بجوارها,429658,000000429658.jpg
حافلة حمراء سوداء وصفراء ذكر على دراجة ومباني,429658,000000429658.jpg
راكب دراجة يمر من حافلة ركاب حمراء في موقف في أحد شوارع المدينة,429658,000000429658.jpg
رجل يرتدي سترة وربطة عنق بابتسامة.,571236,000000571236.jpg
عنق شخص يرتدي ربطة عنق وعليها سترة.,571236,000000571236.jpg
يرتدي الشخص قميصًا وربطة عنق.,571236,000000571236.jpg
شخص عنده احلى وربطة عنق.,571236,000000571236.jpg
صورة عن قرب لرجل يرتدي قميصًا   وربطة عنق منقوشة وسترة  .,571236,000000571236.jpg
هناك شخصان يلعبان لعبة فيديو معًا,574525,000000574525.jpg
زوج من الأشخاص يلعبون بأجهزة التحكم عن بعد  ,574525,000000574525.jpg
صبي وفتاة يلعبان لعبة فيديو.,574525,000000574525.jpg
شابان يلعبان لعبة فيديو  ,574525,000000574525.jpg
رجل وامرأة يلعبان لعبة فيديو ,574525,000000574525.jpg
فيل سيرك يسير في عرض مع قائد الفرقة الموسيقية,53150,000000053150.jpg
فيل سيرك يسير عبر موقف للسيارات بواسطة شخص.,53150,000000053150.jpg
رجل يمشي مع فيل في موقف للسيارات.,53150,000000053150.jpg
رجل يمشي مع فيل عبر موقف للسيارات,53150,000000053150.jpg
رجل يسير فيلًا في شارع يمر بعدة سيارات ومباني متعددة الطوابق.,53150,000000053150.jpg
حافلة عامة تمر أمام متجر,176029,000000176029.jpg
حافلة مليئة بالركاب تسير على الطريق.,176029,000000176029.jpg
يتم إيقاف حافلة المدينة لنقل الركاب على متنها.,176029,000000176029.jpg
حافلة ركاب بيضاء تشق طريقها في أحد شوارع المدينة.,176029,000000176029.jpg
حافلة بيضاء تمر عبر متجر على طول أحد شوارع المدينة.,176029,000000176029.jpg
مجموعة من الناس يقفون حول عربات تحمل فواكه على الجليد.,230598,000000230598.jpg
كشك طعام به موز في منطقة خارجية,230598,000000230598.jpg
كثير من الناس يقفون وراء كشك يبيعون الموز,230598,000000230598.jpg
رجل يبيع الموز من عربة في الشارع.,230598,000000230598.jpg
عربة عليها موز من بائع متجول,230598,000000230598.jpg
رجل يستعد لضرب كرة تنس في ملعب تنس.,372265,000000372265.jpg
شاب يلعب التنس في ملعب تنس,372265,000000372265.jpg
رجلا قفز مرة أخرى إلى كرة التنس بمضرب.,372265,000000372265.jpg
امرأة تقف على ملعب تنس تحمل مضربًا.,372265,000000372265.jpg
رجل يمسك مضرب التنس قبل أن تصل الكرة إليه,372265,000000372265.jpg
مجموعة من الرجال يقفون حول مائدة مغطاة بالطعام.,374661,000000374661.jpg
 مجموعة من الناس تجتمع حول طاولة طعام كبيرة مع الطعام.,374661,000000374661.jpg
الناس يقفون على طاولة ويضعون اضافات على النقانق.,374661,000000374661.jpg
صلصة الخردل والكاتشب والمخلل ضرورية مع النقانق.,374661,000000374661.jpg
عائلة تأكل الطعام الأمريكي الرائع ، النقانق المقلية,374661,000000374661.jpg
رجل يقف في الثلج بجانب زلاجته,14874,000000014874.jpg
رجل يقف على منحدر التزلج مع زوج من الزلاجات.,14874,000000014874.jpg
متزلج يقف بجانب الزلاجات العالقة في الثلج.,14874,000000014874.jpg
رجل يقف في الجليد.,14874,000000014874.jpg
رجل يقف فوق أرض مغطاة بالثلوج.,14874,000000014874.jpg
سوق الخضار والفواكه مع الموز الأخضر والأصفر.,44815,000000044815.jpg
يتم عرض الموز الأخضر والأصفر على طاولة.,44815,000000044815.jpg
ينضج الموز وهم ينتظرون الشراء في السوق,44815,000000044815.jpg
هناك العديد من الموز في قسم الإنتاج,44815,000000044815.jpg
طاولة خشبية في متجر مليء بالموز الناضج وغير الناضج.,44815,000000044815.jpg
راكبة أمواج تضيع تقريبًا في الرغوة وهي مستلقية على لوح التزلج الخاص بها.,127516,000000127516.jpg
امرأة ترتدي بذلة سوداء على لوح التزلج باللونين الأزرق والأبيض.,127516,000000127516.jpg
امرأة مع لوح ركوب الأمواج قادمًا من المحيط.,127516,000000127516.jpg
امرأة تأتي مع موجة على لوح جسد.,127516,000000127516.jpg
شخص مستلقى على بطنه على لوح التزلج.,127516,000000127516.jpg
رجل يركب موجة في محيط على لوح ركوب الأمواج.,319943,000000319943.jpg
ثلاثة أشخاص يمارسون رياضة ركوب الأمواج بالقرب من الساحل العشبي.,319943,000000319943.jpg
عدة أشخاص في مياه المحيط على ألواح التزلج على الماء.,319943,000000319943.jpg
العديد من راكبي الأمواج يركبون الأمواج في محيط صافٍ جدا.,319943,000000319943.jpg
صورة   لرجل يمارس رياضة ركوب الأمواج في محيط أزرق صاف.,319943,000000319943.jpg
دراجات النارية متوقفة على طول الممر الدائري في يوم مشمس.,405620,000000405620.jpg
دراجتان ناريتان متوقفتان على جانب طريق ريفي.,405620,000000405620.jpg
دراجتان ناريتان متوقفتان بجوار حديقة.,405620,000000405620.jpg
دراجات نارية متوقفة على جانب الطريق بجانب شجرة وبعض العشب.,405620,000000405620.jpg
مجموعة دراجات خارج مبنى مع أشخاص بالقرب منه,405620,000000405620.jpg
شخص يحمل سيجارة ومضرب بيسبول,14756,000000014756.jpg
رجل يدخن سيجارة يحمل مضرب بيسبول ملطخًا بالدماء عبر كتفه.,14756,000000014756.jpg
رجل يدخن سيجارة يمسك  بمضرب بيسبول مبلل بالدم في غرفة شيطانية مظلمة.,14756,000000014756.jpg
رجل يدخن سيجارة بينما يحمل مضرب.,14756,000000014756.jpg
رجل يحمل مضرب بيسبول وسيجارة.,14756,000000014756.jpg
حافلة بيضاء بخطوط حمراء متوقفة في الشارع.,165412,000000165412.jpg
حافلة ركاب كبيرة تتوقف عند محطة للحافلات.,165412,000000165412.jpg
توقفت الحافلة في محطة للحافلات.,165412,000000165412.jpg
تصطف حافلتان بيضاء ذات خطوط حمراء.,165412,000000165412.jpg
توجد حافلة على جانب الطريق و أخرى خلفها ,165412,000000165412.jpg
رجل يقف على خلفية شاحنة  ,250809,000000250809.jpg
رجل يفرغ شاحنة كبيرة في الشارع.,250809,000000250809.jpg
تستعد شاحنة الشحن للتفريغ في بيئة حضرية مزدحمة.,250809,000000250809.jpg
رجل يقف على ظهر شاحنة بينما الشاحنة على الطريق.,250809,000000250809.jpg
شاحنة في إسرائيل تنتظر إشارة مرور.,250809,000000250809.jpg
شاحنة مع كتابة أجنبية تقوم بالتسليم,250809,000000250809.jpg
طفل يصنع شطيرة على المنضدة.,315111,000000315111.jpg
شخص يصنع شطيرة زبدة الفول السوداني على طاولة المطبخ.,315111,000000315111.jpg
صبي يضع زبدة الفول السوداني على شطيرة,315111,000000315111.jpg
طفل يوزع زبدة الفول السوداني على قطعة خبز,315111,000000315111.jpg
طفل يصنع شطيرة زبدة الفول السوداني والمربى على منضدة.,315111,000000315111.jpg
قطار  قديم ذو محرك فحم  يسير على خط السكة الحديد.,414068,000000414068.jpg
جرار قطار أخضر وسوداء وعرباته تسير على مساره,414068,000000414068.jpg
قطار سكة حديد على القضبان يطلق   البخار,414068,000000414068.jpg
قطار بمحرك بخارى يسافر عبر جانب ريفي أخضر مورق.,414068,000000414068.jpg
قطار يجري على القضبان بالقرب من الأشجار,414068,000000414068.jpg
شخص يرتدي بذلة الغوص ويتزلج على الأمواج في الماء.,60873,000000060873.jpg
راكب أمواج يرتدي ملابس سوداء يركب موجة بيضاء.,60873,000000060873.jpg
رجل يركب الأمواج على الشاطئ.,60873,000000060873.jpg
شاب يركب لوح تزلج على الماء في المحيط.,60873,000000060873.jpg
رجل يتمسك بلوح التزلج الخاص به أثناء ركوب موجة.,60873,000000060873.jpg
رجل يركب لوح مع مجداف على المحيط.,89202,000000089202.jpg
يقف الرجل على لوحه وهو يمارس رياضة ركوب الأمواج.,89202,000000089202.jpg
رجل يرتدي بدلة تزلج يقف على لوح تزلج في الماء.,89202,000000089202.jpg
هناك رجل يقف على لوح في المحيط.,89202,000000089202.jpg
رجل يركب لوح تزلج على الماء في المحيط.,89202,000000089202.jpg
 صورة تظهر كيف يتم صنع مقعد على شكل فراشة على اليدين.,111067,000000111067.jpg
صورة تظهر نقشًا على مقعد.,111067,000000111067.jpg
الكثير من الصور لبعض المقاعد الخشبية.,111067,000000111067.jpg
صور مقاعد في حالات مختلفة من البناء,111067,000000111067.jpg
سلسلة من الصور تظهر إنشاء مقعد منحوت يدويًا من جذع شجرة خشبي كبير.,111067,000000111067.jpg
رجل يقود   دراجة نارية صفراء زاهية في الشارع.,308175,000000308175.jpg
ضابط شرطة على دراجة نارية يوجه حركة المرور,308175,000000308175.jpg
ضابط شرطة يرتدي سترة عاكسة يركب دراجة نارية تابعة للشرطة,308175,000000308175.jpg
راكب دراجة نارية يسير في شارع حضري.,308175,000000308175.jpg
شخص على دراجة نارية في أحد شوارع المدينة.,308175,000000308175.jpg
صبي صغير يسير في ممر فوق بساط.,486035,000000486035.jpg
الصبي يسير في الممر.,486035,000000486035.jpg
طفل صغير يسير في ممر مع أشخاص ينظرون إليه.,486035,000000486035.jpg
الكثير من الناس يشاهدون طفلًا صغيرًا يحمل شيئًا ما على الممر.,486035,000000486035.jpg
طفل صغير يسير في ممر الكنيسة,486035,000000486035.jpg
شاحنة حمراء تمر ليلاً وأضوائها مضاءة تحت المطر.,7726,000000007726.jpg
شاحنة توصيل حمراء تسير في شارع مبلل ليلاً.,7726,000000007726.jpg
شاحنة حمراء كبيرة في أحد شوارع المدينة.,7726,000000007726.jpg
شاحنة   تسير على الطريق في يوم ممطر,7726,000000007726.jpg
شاحنة توصيل حمراء تسير عبر شارع غارق في المطر.,7726,000000007726.jpg
كمبيوتر محمول موضوع على طاولة خشبية مفتوحا,225352,000000225352.jpg
صورة مقربة لجهاز كمبيوتر محمول موضوع على طاولة خشبية.,225352,000000225352.jpg
جهاز كمبيوتر محمول على الطاولة و شخص جالس على طاولة أخرى.,225352,000000225352.jpg
كمبيوتر محمول بشاشة ملونة يجلس على طاولة في مطعم.,225352,000000225352.jpg
كمبيوتر محمول وفأرة وفنجان قهوة وذراع رجل على طاولة أخرى,225352,000000225352.jpg
حشد من الناس يسيرون في محطة قطار.,286051,000000286051.jpg
الكثير من الناس في محطة قطار خارجية.,286051,000000286051.jpg
منصة قطار مزدحمة بها الكثير من الناس بالقرب من السلم الكهربائي.,286051,000000286051.jpg
مجموعة كبيرة من الناس في المحطة.,286051,000000286051.jpg
مترو أنفاق مزدحم مع مجموعة من الأشخاص الذين يرتدون معدات التخييم.,286051,000000286051.jpg
شخص يحمل كأس نبيذ في يده.,345265,000000345265.jpg
كأس صغير من الخمور في غرفة مزدحمة,345265,000000345265.jpg
هناك رجل يحمل في يده كأس نبيذ.,345265,000000345265.jpg
شخص يحمل كأس نبيذ شبه فارغ.,345265,000000345265.jpg
شخص يحمل كأسًا به بعض الخمر,345265,000000345265.jpg
رجل وفتى صغير معًا أمام مجموعة من المتاجر ذات الهندسة المعمارية على الطراز الآسيوي والطائرات الورقية المعلقة من الأعلى.,515572,000000515572.jpg
رجل وطفل يمشيان تحت ممر بجوار طائرات ورقية.,515572,000000515572.jpg
تزين الطائرات الورقية الكبيرة الملونة ممرًا عاليًا فوق لافتة مقهى.,515572,000000515572.jpg
صورة لعدة طائرات ورقية معروضة مع رجل وصبي.,515572,000000515572.jpg
رجل وطفل يقفان تحت طائرات ورقية مزخرفة في بهو.,515572,000000515572.jpg
يظهرطاولة مع الطعام على الجزء العلوي منها.,21993,000000021993.jpg
شخص على طاولة مع بعض الطعام.,21993,000000021993.jpg
الوجبة والحلويات يتمتع بها جميع الضيوف.,21993,000000021993.jpg
زوجان من الناس يجلسون على مائدة عشاء مليئة بالطعام.,21993,000000021993.jpg
كعكة مع 48 شمعة موضوعة على طاولة مغطاة بأطباق وأكواب من الشراب.,21993,000000021993.jpg
الفارس يركب الحصان على المسار.,334607,000000334607.jpg
فارس يركب حصانًا على طول مسار سباق ترابي.,334607,000000334607.jpg
صورة بالأبيض والأسود لفارس على حصان,334607,000000334607.jpg
حصان واحد وراكب على مضمار السباق في الصورة القديمة.,334607,000000334607.jpg
رجل يركب حصانًا في الملعب.,334607,000000334607.jpg
شخصان يطيران طائرة ورقية صفراء وحمراء,358396,000000358396.jpg
شخصان يطيران طائرة ورقية في الوادي,358396,000000358396.jpg
يطير زوجان طائرة ورقية صفراء طويلة الذيل في الهواء,358396,000000358396.jpg
شخصان يطيران طائرة ورقية في منحدر التل,358396,000000358396.jpg
طائرة ورقية ذات ذيل طويل جدًا تحلق في السماء.,358396,000000358396.jpg
مجموعة من الأشخاص يركبون الدراجات في أحد شوارع المدينة.,378312,000000378312.jpg
الناس يركبون دراجاتهم في منتصف الطريق.,378312,000000378312.jpg
عدة رجال يركبون دراجات في شارع سكني.,378312,000000378312.jpg
مجموعة من سائقي الدراجات النارية يتنافسون في سباق.,378312,000000378312.jpg
مجموعة من سائقي الدراجات  يسيرون على الطريق,378312,000000378312.jpg
الحافلة ذات مستويين ليجلس عليهما الناس,570874,000000570874.jpg
حافلة حمراء ذات طابقين ، رقم 15 ، على الطريق.,570874,000000570874.jpg
تتحرك حافلة ذات طابقين حمراء زاهية في أحد شوارع المدينة.,570874,000000570874.jpg
شوهدت حافلة ذات طابقين على الطراز القديم في الشوارع.,570874,000000570874.jpg
حافلة ذات طابقين تقف في حارة في أوروبا.,570874,000000570874.jpg
لاعب تنس يستعد لضرب كرة تنس.,20012,000000020012.jpg
رجل يرتدى أبيض بالكامل على ملعب تنس من الطين ينظر إلى كرة التنس.,20012,000000020012.jpg
لاعب تنس في منتصف الإرسال.,20012,000000020012.jpg
لاعب تنس يرتدى اللون الأبيض يلعب التنس,20012,000000020012.jpg
رجل يقف على ملعب تنس يحمل مضربًا.,20012,000000020012.jpg
لافتة توضح مكان بجانب الطريق,118405,000000118405.jpg
لافتة شارع على عمود معدني بجوار شارع.,118405,000000118405.jpg
علامة othello أمام مطعم في الشارع.,118405,000000118405.jpg
"لافتة شارع زرقاء وبيضاء مكتوب عليها ""othello"".",118405,000000118405.jpg
علامة موضوعة أمام مكان العمل.,118405,000000118405.jpg
عدة سيارات إطفاء تمر في شارع بجوار المباني.,305746,000000305746.jpg
مجموعة من سيارات الإطفاء تسير على الطريق.,305746,000000305746.jpg
عربات الإطفاء تنحدر  في الشارع فيما يشبه موكب بلدة صغيرة.,305746,000000305746.jpg
مجموعة من عربات الإطفاء تسير في الشارع.,305746,000000305746.jpg
عدة سيارات إطفاء تنزل في الشارع في استعراض.,305746,000000305746.jpg
رجل يركب لوح تزلج على منحدر مغطى بالثلج.,313118,000000313118.jpg
مجموعة من المتزلجين يقفزون من التل.,313118,000000313118.jpg
تعرض متعدد لشخص يقوم بقفزة على الجليد,313118,000000313118.jpg
شخص على لوح تزلج يقوم بخدعة على منحدر.,313118,000000313118.jpg
مجموعة من المتزلجين يتناوبون القفز من منحدر,313118,000000313118.jpg
المنضدة مليئة بالعديد من أنواع الأطعمة.,321938,000000321938.jpg
يتم تكديس المنضدة مع المعكرونة والسندويشات.,321938,000000321938.jpg
طاولة مليئة بأطباق متنوعة على طراز البوفيه.,321938,000000321938.jpg
طبق مليء بالهامبرغر والسلطانيات المليئة بالمعكرونة.,321938,000000321938.jpg
الكثير من الطعام فى الأطباق في المطبخ.,321938,000000321938.jpg
شاب يتزلج أثناء الاستماع إلى الموسيقى.,94619,000000094619.jpg
رجل يركب على لوح تزلج.,94619,000000094619.jpg
صبي في سن المراهقة يركب لوح التزلج أسفل الرصيف بجوار بعض السلالم,94619,000000094619.jpg
شاب يركب لوح تزلج بجانب درجات أسمنتية.,94619,000000094619.jpg
يتزلج لوح التزلج بينما الخلفية ضبابية أمامه.,94619,000000094619.jpg
شاحنة قمامة بها ثلاثة عمال قمامة تسير في الشارع.,146646,000000146646.jpg
شاحنة قمامة في المدينة بها ثلاثة رجال في المقدمة.,146646,000000146646.jpg
شاحنة قمامة تسير بجانب مبنى في الشارع.,146646,000000146646.jpg
شاحنة العمل تسير على الطريق.,146646,000000146646.jpg
شاحنة قمامة تسير في طريق هادئ.,146646,000000146646.jpg
متزلج يركب درابزين مجموعة من السلالم.,184820,000000184820.jpg
مجموعة من الناس يشاهدون رجلاً يقوم بحيل تزلج,184820,000000184820.jpg
حشد كبير من المتفرجين يراقبون صبيًا صغيرًا يتزلج على الألواح  على درابزين حديدي.,184820,000000184820.jpg
شخص يركب لوح تزلج على الدرابزين,184820,000000184820.jpg
متزلج ذكر يركب على سكة حديدية بينما يشاهده مجموعة من الناس.,184820,000000184820.jpg
طبق مع شطيرة غير مأكولة يجلس بجانب كأس من البيرة.,401092,000000401092.jpg
هذه شطيرة ذات وجه مفتوح ومكونة من عدة مكونات.,401092,000000401092.jpg
طبق به بعض الطعام,401092,000000401092.jpg
طبق أبيض مع بعض الخبز والطماطم والخيار والمواد الغذائية الأخرى,401092,000000401092.jpg
طبق من الطعام والشراب على الطاولة.,401092,000000401092.jpg
فتاة شابة تحمل قفازًا بها كرة  بيسبول.,446557,000000446557.jpg
طفل يحمل كرة بيسبول في قفاز ويبتسم للكاميرا.,446557,000000446557.jpg
طفل يحمل كرة بيسبول في قفاز.,446557,000000446557.jpg
فتاة ترتدي قفاز بيسبول وداخلها كرة بيسبول,446557,000000446557.jpg
الفتاة لديها كرة بيسبول في قفازها.,446557,000000446557.jpg
مجموعة من الناس في فندق وبعضهم يأخذ النبيذ,224388,000000224388.jpg
رجلان يشربان بينما يجلسان في حانة في الهواء الطلق.,224388,000000224388.jpg
زوجان من الرجال يجلسون على طاولة مع كؤوس من النبيذ.,224388,000000224388.jpg
يرتدي الرجال ملابس غير رسمية ويأخذون عينات من النبيذ أثناء النهار,224388,000000224388.jpg
شخصان يتذوقان النبيذ في حدث في الهواء الطلق,224388,000000224388.jpg
غرفة نوم طفل بها كرسي محشو وسجادة خرقة وصور على الجدران.,266275,000000266275.jpg
غرفة معيشة صغيرة تقع في مدينة ملاهي.,266275,000000266275.jpg
تم تزيين الغرفة بموضوع ميكي ماوس.,266275,000000266275.jpg
كرسي ومكتب في الغرفة.,266275,000000266275.jpg
غرفة بها كرسي صغير غريب بداخلها,266275,000000266275.jpg
زوجان من الرجال يقفون بجانب مسارات القطار.,292236,000000292236.jpg
الجزء الخلفى من الناس وهم ينتظرون وصول القطار إلى المحطة.,292236,000000292236.jpg
رجلان ينتظران القطار عند الغسق,292236,000000292236.jpg
العديد من الأشخاص ينتظرون على جانب مسارات القطار حيث أن القطار معها ؛ الأضواء المضاءة تنزل على المسار.,292236,000000292236.jpg
عدة أشخاص يقفون في محطة قطار أثناء وصول القطار.,292236,000000292236.jpg
حافلة مزدوجة عالية تقف في الشارع.,317460,000000317460.jpg
اثنتان من حافلات الجولات السياحية ذات الطابقين تقوم بالدوران على الطريق.,317460,000000317460.jpg
حافلتان حمراء ذات طابقين تقتربان,317460,000000317460.jpg
حافلتان ذات طابقين تسير على الطريق بالقرب من المنازل.,317460,000000317460.jpg
حافلات حمراء ذات طابقين على دوار المدينة.,317460,000000317460.jpg
امرأة تقبل زرافة على أنفها.,533860,000000533860.jpg
اتكأت امرأة حنونًاعلى زرافة.,533860,000000533860.jpg
امرأة تضع وجهها على وجه الزرافة.,533860,000000533860.jpg
الزرافة التي تعطي قبلة للفتاة,533860,000000533860.jpg
تقترب الزرافة من الزائر في محيطها.,533860,000000533860.jpg
مجموعة من الناس يقفون في المطبخ.,52996,000000052996.jpg
مجموعة من النساء في ملابس عسكرية يساعدن نساء أخريات في المطبخ.,52996,000000052996.jpg
جنديتين تتحدثان إلى نساء أخريات في المطبخ,52996,000000052996.jpg
بعض الناس في المطبخ مع قدر كبير على الموقد.,52996,000000052996.jpg
المجندات يساعدن المواطنين في المطبخ,52996,000000052996.jpg
تحميل رافعة شوكية على شاحنة مسطحة.,195685,000000195685.jpg
عادت شاحنة خضراء عليها رافعة بجوار عامل طوارئ.,195685,000000195685.jpg
شاحنة صغيرة محمولة على شاحنة أكبر,195685,000000195685.jpg
شاحنة عسكرية تحمل رافعة شوكية على ظهرها.,195685,000000195685.jpg
الشاحنة تسحب الرافعة الشوكية في الجزء الخلفي منها.,195685,000000195685.jpg
حافلة ذات طابقين بها حمولة من الأشخاص في الأعلى وإعلان على جانبها.,450313,000000450313.jpg
الحافلة التي تسير على الطريق.,450313,000000450313.jpg
حافلة سياحية في الهواء الطلق تقود في مدينة.,450313,000000450313.jpg
حافلة ذات طابقين محملة بالناس.,450313,000000450313.jpg
حافلة ذات مستويين وإعلان مضيفة تسافر في أحد الشوارع.,450313,000000450313.jpg
مجموعة من الناس على الشاطئ مع المظلات.,462792,000000462792.jpg
العديد من المظلات والكراسي الشاطئية الملونة وأشخاص يلعبون في الماء,462792,000000462792.jpg
المظلات والمناشف والكراسي والأشخاص على الشاطئ.,462792,000000462792.jpg
يوجد على الشاطئ العديد من البطانيات والمظلات.,462792,000000462792.jpg
شاطئ به الكثير من الناس والمظلات.,462792,000000462792.jpg
رجل يرتدي قميصًا برتقاليًا لديه أربعة هواتف محمولة.,550056,000000550056.jpg
رجل يمسك بأربعة هواتف خلوية مختلفة,550056,000000550056.jpg
رجل على هاتفين خلويين في الغرفة.,550056,000000550056.jpg
رجل يحمل حفنة من الهواتف المحمولة على أذنيه,550056,000000550056.jpg
رجل يمسك بهاتفين خليويين على جانبي وجهه.,550056,000000550056.jpg
شاحنة حمراء قديمة جدًا متوقفة على بعض العشب.,148719,000000148719.jpg
شاحنة حمراء متوقفة على العشب بجوار شاحنات أخرى.,148719,000000148719.jpg
شاحنة دودج حمراء متوقفة بالقرب من مراوغة أخرى.,148719,000000148719.jpg
سيارة بيك آب دودج قديمة واقفة بجانب سيارة بيك أب قديمة أخرى.,148719,000000148719.jpg
شاحنة حمراء واقفة في حقل عشبي بجوار شاحنات أخرى.,148719,000000148719.jpg
رجل يحمل مضرب تنس في ملعب تنس.,242618,000000242618.jpg
رجل في ملعب يأرجح مضرب تنس.,242618,000000242618.jpg
لاعب تنس ذكر في الملعب.,242618,000000242618.jpg
لاعب تنس يرتدي ملابس بيضاء كليا على العشب.,242618,000000242618.jpg
لاعب تنس يستعد لارجحة الكرة.,242618,000000242618.jpg
قطار يصفر على القضبان أمام بعض الأشجار,409841,000000409841.jpg
قطار بخاري صغير يسير على القضبان.,409841,000000409841.jpg
قطار أسود مع بعض البخار الأبيض والدخان في الهواء.,409841,000000409841.jpg
قطار يسافر على  القضبان يتصاعد منه البخار.,409841,000000409841.jpg
قطار عتيق يسافر على  القضبان بعربات ذات ألوان زاهية.,409841,000000409841.jpg
أزرار  كم قميص  لرجل يرتدي بدلة عمل,521978,000000521978.jpg
يظهر الرجل طرف الكم,521978,000000521978.jpg
صورة مقرّبة لبدلة سوداء مع قميص أبيض وأزرار أكمام بيضاء وذهبية.,521978,000000521978.jpg
رجل يرتدي بدلة وربطة عنق ويمسك ذراعه مقابل صدره.,521978,000000521978.jpg
رجل يمسك بذراعه مقابل صدره.,521978,000000521978.jpg
طبق أبيض به طعام موضوع بجانب كأس نبيذ.,77889,000000077889.jpg
طبق مليء بالطعام بجانب كأس من البيرة,77889,000000077889.jpg
الناس يشاركون في الطعام والشراب في مطعم.,77889,000000077889.jpg
طبق من السمك والخضروات بجانب كأس من البيرة.,77889,000000077889.jpg
صورة طبق طعام مع مشروبات,77889,000000077889.jpg
شخص يحمل دبدوب أمام فتاة صغيرة.,212685,000000212685.jpg
امرأة تعرض دمية دب لطفل وأمها.,212685,000000212685.jpg
امرأة بيضاء تحمل دبدوب محشو وتجلس على جانب واحد من طاولة بينما تنظر إليها امرأة وفتاة صغيرة على الجانب الآخر من الطاولة.,212685,000000212685.jpg
امرأة تجلس على طاولة تحمل دمية دب بني.,212685,000000212685.jpg
امرأة تظهر دبدوب لامرأة وطفل آخر.,212685,000000212685.jpg
حصانان بنيان كبيران يجران عربة مليئة بالناس.,310669,000000310669.jpg
زوجان من الخيول البنية يجران اناس يركبون على عربة.,310669,000000310669.jpg
الخيول البنية تسحب عربة مع رجل مع آلة موسيقية ، وسائقة ، وفتاة صغيرة وامرأة بنظارات.,310669,000000310669.jpg
اثنين من الخيول الكبيرة تجر عربة عائلة.,310669,000000310669.jpg
أشخاص يرتدون الزي الرسمي ويرتدون ملابس عادية يركبون عربة تجرها الخيول.,310669,000000310669.jpg
منظر لمظلة في وسط حديقة.,417218,000000417218.jpg
يمكن رؤية مظلة حمراء من خلال أوراق الشجر.,417218,000000417218.jpg
مظلة حمراء تجلس في وسط الغابة.,417218,000000417218.jpg
مظلة حمراء وطاولات حمراء مغطاة بالطاولات,417218,000000417218.jpg
مظلة معروضة في منطقة جلوس خارجية.,417218,000000417218.jpg
لعب الطفل بمضرب بيسبول مرتفع.,521943,000000521943.jpg
صبي صغير يضرب كرة بيسبول من موقف كرة تي.,521943,000000521943.jpg
صبي صغير يلعب كرة T على حديقته الأمامية,521943,000000521943.jpg
طفل صغير يتدرب على ضرب كرة البيسبول من على حامل كرة,521943,000000521943.jpg
صبي صغير يضرب الكرة بمضرب أحمر.,521943,000000521943.jpg
صورة المرأة العجوز ذات الشعر الطويل,25293,000000025293.jpg
لوحة كلاسيكية لامرأة مع قرص مضغوط فوتوشوب.,25293,000000025293.jpg
لوحة فوتوشوب لتبدو وكأنها تمسك بفريسبي,25293,000000025293.jpg
لوحة لامرأة تحمل قرصًا مضغوطًا.,25293,000000025293.jpg
صورة لامرأة تحمل قرصًا مضغوطًا أزرق.,25293,000000025293.jpg
صورة لرجل يجلس على البيانو في غرفة معيشته.,214453,000000214453.jpg
عازف البيانو ينظر من خلال العدسة المستديرة.,214453,000000214453.jpg
رجل يجلس على مقعد بجانب بيانو في غرفة.,214453,000000214453.jpg
غرفة جلوس مليئة بالأثاث والبيانو,214453,000000214453.jpg
صورة مأخوذة من ثقب في شقة شخص ما.,214453,000000214453.jpg
ثلاثة أشخاص يرتدون معدات التزلج يقفون أمام الكاميرا.,434618,000000434618.jpg
ثلاثة أشخاص يرتدون معدات التزلج يركبون مصعد التزلج.,434618,000000434618.jpg
هناك ثلاثة أشخاص يركبون عربة على جبل ثلجي,434618,000000434618.jpg
بعض المتزلجين يبتسمون سعداء يركبون المصعد.,434618,000000434618.jpg
ثلاثة متزلجين يأخذون مصعد التزلج اعلى  الجبل.,434618,000000434618.jpg
فتاة ترتدي فستانًا ومعطفًا أسودًا تقف على الطريق مع حقيبة على جانبها.,454436,000000454436.jpg
امرأة تقف على طريق ترابي مع أمتعة.,454436,000000454436.jpg
امرأة شابة تحمل حقيبة صفراء تقف على طريق في الغابة.,454436,000000454436.jpg
امرأة تقف بجانب حقيبة أمتعة صفراء.,454436,000000454436.jpg
هناك امرأة تقف في الغابة مع حقيبة صفراء,454436,000000454436.jpg
طفل يجلس على طاولة مع امرأة تقف خلفه.,531441,000000531441.jpg
امرأة تقف خلف طفل مع بيتزا.,531441,000000531441.jpg
امرأة تقف لالتقاط صورة مع طفل يجلس على طاولة أمام طبق طعام.,531441,000000531441.jpg
امرأة تقف خلف صبي صغير يجلس على طاولة.,531441,000000531441.jpg
صبي صغير وسيدة يمسكان أصابعهما مع طبق من الطعام أمامهما.,531441,000000531441.jpg
رجل يطعم امرأة قطعة من كعكة الشوكولاتة.,136670,000000136670.jpg
هذا الرجل يعطي هذه السيدة لقمة من كعكته,136670,000000136670.jpg
رجل مع طبق من الطعام يقدم لدغة لامرأة.,136670,000000136670.jpg
رجل يحمل ملعقة بالقرب من وجه المرأة.,136670,000000136670.jpg
محب وزوجته يتقاسمان بعض الطعام,136670,000000136670.jpg
رامي  البيسبول يرمي الكرة إلى الضارب.,152158,000000152158.jpg
رجل يحمل مضربا في ملعب بيسبول.,152158,000000152158.jpg
إبريق يرسل نبرة نحو الخليط.,152158,000000152158.jpg
الرامي يرمي الكرة إلى الضارب في لعبة البيسبول.,152158,000000152158.jpg
رجل يحمل مضربًا وهو يقف بجانب قاعدة.,152158,000000152158.jpg
قطار كبير باللونين الأحمر والأزرق على سكة القطار.,472569,000000472569.jpg
قطار يقف على القضبان تحت سماء ملبدة بالغيوم.,472569,000000472569.jpg
قطا  باللون الأزرق والأحمر والأصفر في محطة قطار.,472569,000000472569.jpg
قطار أحمر وأزرق يسير على سكة القطار.,472569,000000472569.jpg
قطار ركاب على مسارات القطار عند توقف.,472569,000000472569.jpg
إناء به قطعة قماش حمراء,488809,000000488809.jpg
مزهرية بجانبها شمعة جالسة على طاولة.,488809,000000488809.jpg
يوجد مزهرية شفافة بداخلها ورق أحمر ناعم,488809,000000488809.jpg
مزهرية بقطعة قماش حمراء بداخلها بجانب واحدة بها شمعة على منضدة,488809,000000488809.jpg
إناء موضوع على منضدة تحمل بعض المناديل الورقية.,488809,000000488809.jpg
أشخاص يقفون على قمة حافلة ذات طابقين بالقرب من حشد من الناس.,46537,000000046537.jpg
حافلة سياحية حمراء من مستويين تسير في الشارع مع أشخاص في الجزء العلوي يلوحون للناس أثناء قيادتهم لها.,46537,000000046537.jpg
حافلة حمراء ذات طابقين تمر عبر مبنى شاهق.,46537,000000046537.jpg
حافلة كبيرة ذات مستويين وسائح عليها,46537,000000046537.jpg
فريق رياضي يركب حافلة ذات طابقين في جموع كنوع من الاحتفال أو العرض.,46537,000000046537.jpg
راجة نارية قديمة تقف على طريق بجوار منطقة عشبية,121430,000000121430.jpg
دراجة بخارية خضراء ذات مقعد جلدي غريب تقف على الطريق.,121430,000000121430.jpg
دراجة نارية خضراء مركونة في شارع وعر مكسور.,121430,000000121430.jpg
دراجة نارية قديمة الطراز خضراء على الأرض.,121430,000000121430.jpg
دراجة نارية خضراء عتيقة من أوائل القرن العشرين.,121430,000000121430.jpg
امرأة تقف على الرصيف وتأكل نقانقًا.,150955,000000150955.jpg
امرأة شابة ترتدي نظارة تأكل وتشرب مشروبًا.,150955,000000150955.jpg
امرأة تمشي في الشارع مع نقانق ومشروب في يدها.,150955,000000150955.jpg
امرأة تقف على الرصيف وتأكل نقانقًا وتحمل علبة.,150955,000000150955.jpg
امرأة تقف و فى فمها نقانق.,150955,000000150955.jpg
الحافلات تروح و تجيئ في ما يبدو مجرد يوم آخر,346384,000000346384.jpg
حافلتان على طريق مخصص للحافلات فقط.,346384,000000346384.jpg
حافلتان سياحيتان متوقفتان في شارع مخصص للحافلات فقط.,346384,000000346384.jpg
تسير حافلة وردية اللون على الطريق في الخلفية.,346384,000000346384.jpg
حافلتان تقفان في حارات مخصصة فقط للحافلات.,346384,000000346384.jpg
مجموعة من الأشخاص يجلسون في قارب في الماء.,23489,000000023489.jpg
الناس على متن القارب يتحركون في المحيط,23489,000000023489.jpg
هناك زورق سريع صغير ينزل في النهر,23489,000000023489.jpg
الناس على متن قارب ملون على البحيرة,23489,000000023489.jpg
عائلة على متن قارب يبحر في النهر.,23489,000000023489.jpg
طاهٍ يقدم شطائر مصغرة صنعها.,66388,000000066388.jpg
رجل يرتب مجموعة من المقبلات على صينية,66388,000000066388.jpg
طاهٍ بالفندق يعرض شطائر اللحم والجبن الصغيرة التي يصنعها,66388,000000066388.jpg
رجل يعد الطعام داخل المطبخ.,66388,000000066388.jpg
شخص لديه بعض الطعام ومستعد لتناول الوجبات الخفيفة.,66388,000000066388.jpg
العديد من فرق التجديف في الماء بقوارب أصغر.,79077,000000079077.jpg
عدد من الفرق تجديف القوارب في منطقة كبيرة من المياه.,79077,000000079077.jpg
اصطفت قوارب التجديف في سباق حتى النهاية,79077,000000079077.jpg
قوارب التجديف تتسابق عبر مسطح مائي كبير.,79077,000000079077.jpg
تتسابق ستة فرق تجديف على البحيرة في هذا الحدث.,79077,000000079077.jpg
شخص يمتطي ظهر حصان عبر حقل أخضر.,555457,000000555457.jpg
شخص يركب حصانًا على العشب بالقرب من السياج.,555457,000000555457.jpg
شخص يمتطي حصانًا بالقرب من حقل كبير مفتوح.,555457,000000555457.jpg
امرأة تجلس على حصان في العشب.,555457,000000555457.jpg
شخص يركب حصانًا أمام السياج.,555457,000000555457.jpg
فتاة تجلس حول طاولة في مطعم تأكل بيتزا.,25603,000000025603.jpg
فتاة مع بعض الطعام والشراب على طاولة.,25603,000000025603.jpg
فتاة ترتدي زي كليوباترا تأكل البيتزا على الطاولة.,25603,000000025603.jpg
فتاة صغيرة تأكل البيتزا في أحد المطاعم.,25603,000000025603.jpg
فتاة صغيرة تأكل البيتزا مرتدية زي مصري,25603,000000025603.jpg
رجل وقطتان في المطبخ,125015,000000125015.jpg
امرأة في المطبخ مع قطتيها.,125015,000000125015.jpg
قطتان تجلسان عند أقدام امرأة تحضر الطعام.,125015,000000125015.jpg
قطتان تنظران إلى المنضدة بينما تعد المرأة طعامهما.,125015,000000125015.jpg
امرأة تقف في المطبخ بجانب قطتين,125015,000000125015.jpg
رجل في الغابة يحمل شيئًا ورديًا,142321,000000142321.jpg
رجل في الغابة في وسط لعبة frolf,142321,000000142321.jpg
رجل يقف في منطقة اشجار بجانب مرمى قرص غولف.,142321,000000142321.jpg
رجل يقف في الغابة يحمل قرصًا مضغوطًا.,142321,000000142321.jpg
رجل يمسك بقرص طائر في منطقة حرجية.,142321,000000142321.jpg
ثلاثة أطفال يجلسون على مقعد أثناء قراءة الكتب.,569314,000000569314.jpg
ثلاثة أطفال يجلسون في صف يقرأون الكتب.,569314,000000569314.jpg
بعض الأطفال يقرؤون بعض الكتب في المكتبة.,569314,000000569314.jpg
ثلاثة أطفال يجلسون بجانب بعضهم البعض ويقرأون الكتب.,569314,000000569314.jpg
زوجان من الأطفال الصغار يقرؤون الكتب,569314,000000569314.jpg
زوج من الناس يقفزون على خيولهم فوق عقبة من الخشب.,577421,000000577421.jpg
شخصان يمتطيان ظهور خيول بنية.,577421,000000577421.jpg
حصانان بني وأسود وراكبهما يقفزان فوق جذوع الأشجار,577421,000000577421.jpg
امرأتان على ظهور الخيل تقفزان فوق جذوع الأشجار.,577421,000000577421.jpg
شخصان يركبان خيولًا يقفزان فوق جذوع الأشجار.,577421,000000577421.jpg
رجل يحمل هاتفًا خلويًا حديثًا على مكتب.,68439,000000068439.jpg
هاتف Nokia قديم في يد شخص بجوار لوحة مفاتيح سوداء وفضية على مكتب.,68439,000000068439.jpg
شخص يحمل هاتفًا خلويًا مغلقًا.,68439,000000068439.jpg
هناك شخص يحمل هاتفًا خلويًا صغيرًا بجوار مكتب,68439,000000068439.jpg
يد تمسك بهاتف ذكي أعلى مكتب كمبيوتر.,68439,000000068439.jpg
شخص يبشر الجبن فوق بيتزا صغيرة.,96307,000000096307.jpg
بيتزا رقيقة على منضدة بواسطة مبشرة الجبن.,96307,000000096307.jpg
يتم تقطيع جبنة الموزاريلا إلى بيتزا.,96307,000000096307.jpg
بيتزا صغيرة تجلس على طبق ورقي.,96307,000000096307.jpg
شخص ما يبشر الجبن على بيتزا صغيرة.,96307,000000096307.jpg
رجل في المطبخ يقف بجانب الثلاجة,417650,000000417650.jpg
رجل يجلس في المطبخ ويضيء عليه ضوء.,417650,000000417650.jpg
رجل في المطبخ مع ثلاجة,417650,000000417650.jpg
عيون شاب عالقة في بقعة من ضوء الشمس في المطبخ,417650,000000417650.jpg
شخص ما في الظلام في المنزل.,417650,000000417650.jpg
رجل ينظف أسنان الطفل بفرشاة أسنان كهربائية بينما يحمل فرشاة أسنان إلى فمه.,418575,000000418575.jpg
رجل يمسك فرشاة أسنان أمام وجهه بيده اليمنى بينما يغسل أسنان طفل بفرشاة أسنان أخرى بيده اليسرى.,418575,000000418575.jpg
شخص ينظف أسنانه وأسنانه,418575,000000418575.jpg
رجل ينظف أسنانه بينما يغسل أسنان رضيع.,418575,000000418575.jpg
رجل ينظف أسنان طفل يرقد على السرير,418575,000000418575.jpg
اجتماع المسؤولين الحكوميين الذين يتحدثون عن السياسة الخارجية.,486581,000000486581.jpg
رجل يتحدث مع مجموعة من الناس.,486581,000000486581.jpg
يقف شخص أمام حشد من الناس.,486581,000000486581.jpg
شخص يرتدي بدلة وربطة عنق على المنصة,486581,000000486581.jpg
رجل يقف على المنصة يلقي كلمة أمام حشد من الناس.,486581,000000486581.jpg
امرأة بعيون خضراء ترتدي قميصًا بنفسجيًا  و تأكل شيئًا.,521096,000000521096.jpg
امرأة تاكل بعض الطعام في الخارج,521096,000000521096.jpg
امرأة مع فطيرة قطف أسنان في منطقة مشجرة.,521096,000000521096.jpg
سيدة شابة جميلة تأكل الطعام بجانب الأشجار.,521096,000000521096.jpg
امرأة تمسك شطيرة بيد والأخرى بالقرب من فمها.,521096,000000521096.jpg
قطة تجلس أمام حاملة حيوانات بسلسلة.,267777,000000267777.jpg
قطة ذات مقود تجلس على بطانية بينما تجلس قطة أخرى في حاملة حيوانات أليفة.,267777,000000267777.jpg
البسيسات تنتظر الذهاب إلى الناقل الخاص بهم.,267777,000000267777.jpg
قطة في حاملة حيوانات بالقرب من قطة على مقود.,267777,000000267777.jpg
قطة على مقود خارج بيت الكلب الذي يحتوي على قطة أخرى.,267777,000000267777.jpg
امرأة تقلب التورتيلا في المطبخ من المقلاة.,350737,000000350737.jpg
السيدة تحمل مقلاة وملعقة,350737,000000350737.jpg
الطباخ يقلب فطيرة فوق طاولة.,350737,000000350737.jpg
امرأة تقذف عجة في مقلاة.,350737,000000350737.jpg
سيدة تمسك الملعقة في يدها والمقلاة في الأخرى,350737,000000350737.jpg
مقعد خشبي موضوع على رمال الشاطئ.,394104,000000394104.jpg
مقعد فارغ يواجه المحيط على الرمال.,394104,000000394104.jpg
مقعد قوي على الجرف للجلوس على شاطئ البحر.,394104,000000394104.jpg
مقعد فارغ فوق الساحل ، يواجه الأفق.,394104,000000394104.jpg
مقعد موضوع على الرمال بجوار المحيط.,394104,000000394104.jpg
مجموعة كبيرة تجلس على العشب مع الكرات.,151732,000000151732.jpg
العديد من الرجال في زي كرة القدم يتظاهرون ويمسكون بكرات كرة القدم.,151732,000000151732.jpg
مجموعة كبيرة من الذكور مع كرة القدم.,151732,000000151732.jpg
فريق كرة قدم وأشخاص آخرين في صورة جماعية.,151732,000000151732.jpg
مجموعة من لاعبي كرة القدم يرتدون الزي العسكري يجلسون معًا ويقفون معًا.,151732,000000151732.jpg
دراجة نارية تقف في مبنى مع رجلان يقفان في المقدمة.,485473,000000485473.jpg
زوجان من الدراجات النارية متوقفة في مرآب,485473,000000485473.jpg
رجلان يقفان بجوار دراجات نارية في محل.,485473,000000485473.jpg
دراجات نارية متوقفة داخل مبنى ورشة.,485473,000000485473.jpg
دراجة نارية متوقفة داخل مرآب بجوار الرفوف.,485473,000000485473.jpg
متسابق يركب حصانًا في أحد الحقول.,207026,000000207026.jpg
متسابق يرتدي الأسود يركب حصانًا أسود يركب عبر حقل.,207026,000000207026.jpg
الفارس يركب حصانًا عبر مسار مليء بالعقبات,207026,000000207026.jpg
المتسابق على الحصان الأسود يرتدي رقمًا.,207026,000000207026.jpg
شخص يركب حصانًا داخل مسار حواجز.,207026,000000207026.jpg
أطباق اللحوم والأرز والخضروات والشوربة على منضدة.,264712,000000264712.jpg
أطباق طعام تتكون من لحوم مختلفة وبعض الأرز.,264712,000000264712.jpg
أطباق اللحوم والشوربات والخضروات والأرز تقدم مع قطع اللحم,264712,000000264712.jpg
يتم ترتيب مجموعة متنوعة من الأطعمة الآسيوية على طاولة خشبية.,264712,000000264712.jpg
تشغل أطباق الأرز والحساء وأطباق اللحوم معظم مساحة المائدة,264712,000000264712.jpg
بعض الفيلة تمشي على درب والناس على ظهورهم,304854,000000304854.jpg
ثلاثة أفيال تسير في طريق نحو الماء وتحمل الناس.,304854,000000304854.jpg
زوجان من الأفيال التي عليها أشخاص,304854,000000304854.jpg
ثلاثة أشخاص يركبون الأفيال في طريق عبر الغابة,304854,000000304854.jpg
قطيع من الفيلة يسير في طريق ترابي.,304854,000000304854.jpg
صورة ضبابية لعدد قليل من الخيول بالقرب من الحشد.,351973,000000351973.jpg
صورة ضبابية للغاية لبعض الخيول البنية الكبيرة.,351973,000000351973.jpg
خيول بنية تمشي في شارع تسحب العربات.,351973,000000351973.jpg
يظهر زوج من العربات التي تجرها الخيول على الطريق.,351973,000000351973.jpg
زوجان من الخيول في أحد شوارع المدينة.,351973,000000351973.jpg
شخص على تلة ثلجية يرتدي حذاء ثلجي.,172989,000000172989.jpg
سيدة ترتدي ملابس سوداء تتزلج بأحذية ثلجية في يوم مشمس في الجبال.,172989,000000172989.jpg
متزلج مبتسم يقف لالتقاط صورة أعلى ممر.,172989,000000172989.jpg
امرأة تأخذ استراحة من التزلج على الابتسام أمام الكاميرا.,172989,000000172989.jpg
امرأة تقف على قمة منحدر مغطى بالثلج ترتدي الزلاجات.,172989,000000172989.jpg
قلعة خشبية و ساعة  في قطعة رملية,214524,000000214524.jpg
تمثال خشبي لساعة على الشاطئ.,214524,000000214524.jpg
تمثال لبرج ساعة في الرمال,214524,000000214524.jpg
كائن غريب المظهر يجلس في منتصف الطريق.,214524,000000214524.jpg
برج ساعة خشبي منحوت مع أعمدة تحمله.,214524,000000214524.jpg
كومة من الأمتعة على أرضية خشبية بجوار خزانة الملابس.,457226,000000457226.jpg
يتم تجميع العديد من الحقائب معًا على الأرض ، بما في ذلك حقيبة تسوق وحقيبة من القماش الخشن وحقيبة سوداء.,457226,000000457226.jpg
حقائب السفر مكدسة على أرضية خشبية.,457226,000000457226.jpg
هناك العديد من الحقائب والأمتعة بجانب بعضها البعض,457226,000000457226.jpg
عدة حقائب سفر وحقائب سفر في كومة على أرضية خشبية.,457226,000000457226.jpg
رجل يسترخي مع فنجان من القهوة بينما يبقى كلبه قريبًا.,481212,000000481212.jpg
رجل ، قطة ، وكلب على الأريكة بالداخل في زاوية الغرفة مع النوافذ.,481212,000000481212.jpg
رجل يستلقي على أريكة بجانب كلب أبيض وأسود.,481212,000000481212.jpg
رجل مع فنجان يجلس على أريكة مع كلب وقطة أمام بعض النوافذ.,481212,000000481212.jpg
رجل يجلس على أريكة لتناول القهوة مع قطة وكلب.,481212,000000481212.jpg
امرأة تقف وراء مجموعة من الغنم.,485185,000000485185.jpg
تقف امرأة خلف صف من حيوانات المزرعة.,485185,000000485185.jpg
سبع بقرات مصفوفة وهي تحلب.,485185,000000485185.jpg
امرأة تربط جهازًا ببعض الحيوانات.,485185,000000485185.jpg
صف من الخراف يقف على طاولة الطعام أمام امرأة,485185,000000485185.jpg
قطة سوداء تجلس فوق غطاء محرك السيارة.,3711,000000003711.jpg
قطة تجلس على غطاء محرك سيارة قديمة.,3711,000000003711.jpg
هناك شيء يبدو مثيرًا للاهتمام بشكل خاص هنا.,3711,000000003711.jpg
قطة سوداء تجلس على غطاء سيارة قديمة,3711,000000003711.jpg
قطة تجلس على غطاء محرك السيارة وتحتاج إلى طلاء,3711,000000003711.jpg
قطة سوداء وبيضاء ملتفة في سرير مخطط للحيوانات الأليفة أعلى مكتب كمبيوتر.,288724,000000288724.jpg
قطة في حقيبة تجلس فوق خزانة.,288724,000000288724.jpg
قطة تجلس على سريرها الذي يوضع على مكتب.,288724,000000288724.jpg
قطة سوداء وبيضاء تجلس في سرير قط على مكتب.,288724,000000288724.jpg
قطة مستلقية على سرير على مكتب.,288724,000000288724.jpg
غرفة معيشة مع كرسي وأريكة وتلفزيون,366141,000000366141.jpg
قطة تستلقي على كرسي في غرفة المعيشة,366141,000000366141.jpg
غرفة بها أريكة وكرسي وطاولة وتلفزيون.,366141,000000366141.jpg
قطة تجلس على كرسي في الخلف في الغرفة التي تواجه التلفزيون,366141,000000366141.jpg
غرفة معيشة مع أريكة وتلفزيون كبير,366141,000000366141.jpg
دمية دب بجوار أربعة صناديق على الأرض,219283,000000219283.jpg
دبدوب يجلس أمام كومة من الصناديق.,219283,000000219283.jpg
دبدوب يجلس على الأرض أمام العديد من الصناديق.,219283,000000219283.jpg
دبدوب كبير يجلس بجانب بعض الصناديق,219283,000000219283.jpg
دمية دب تجلس أمام مجموعة من الصناديق.,219283,000000219283.jpg
شخص يحمل كاميرا أمام لعبة آلة مخلب مليئة بالحيوانات المحنطة.,320150,000000320150.jpg
شخص يحمل كاميرا يلتقط صورة للجوائز في إحدى الألعاب,320150,000000320150.jpg
رجل يلتقط صورة لجوائز في لعبة آلة مخلب,320150,000000320150.jpg
رجل يلتقط صورة لآلة بيع مخلب مليئة بالألعاب المحشوة.,320150,000000320150.jpg
آلة لعبة مليئة بالحيوانات المحنطة الملونة,320150,000000320150.jpg
صورة لحيوانات محشوة في الشارع.,81070,000000081070.jpg
الشجرة مغطاة بالحيوانات المحنطة والبالونات.,81070,000000081070.jpg
تمتلئ شجرة جانب الشارع بالشموع ودمى الدببة والبالونات.,81070,000000081070.jpg
الهاتف مزخرف مثل النصب التذكاري بالشموع.,81070,000000081070.jpg
شجرة بالونات مربوطة عليها وشموع في قاعدتها.,81070,000000081070.jpg
يتم عرض الفواكه والبيض والمعجنات.,371280,000000371280.jpg
الطعام على طبق بجانب الفواكه على الطاولة.,371280,000000371280.jpg
الطعام يجلس على منضدة أو طاولة.,371280,000000371280.jpg
طاولة مليئة بالخبز ومكونات لشيء ما.,371280,000000371280.jpg
فطيرة توت تحتوي على مكونات طبيعية وقشرة مخبوزة.,371280,000000371280.jpg
ثلاث نساء يجلسن على مائدة العشاء مع البيتزا.,450864,000000450864.jpg
سيدات يجلسن حول طاولة مع أطباق سوداء مع قطعتين بيتزا وزجاجة من المشروبات الغازية.,450864,000000450864.jpg
مجموعة من السيدات يجلسن لتناول العشاء,450864,000000450864.jpg
مجموعة من الناس يجلسون على طاولة طعام.,450864,000000450864.jpg
تجلس ثلاث نساء على طاولة مع البيتزا.,450864,000000450864.jpg
مطبخ مع قدور وأواني معلقة من السقف,22256,000000022256.jpg
يُظهر مطبخ تناول الطعام وحامل الأواني الاستخدام الفعال للمساحة الصغيرة في هذه الشقة.,22256,000000022256.jpg
منضدة مطبخ مع كراسي وأواني متنوعة.,22256,000000022256.jpg
تم تعليق العديد من الأواني والمقالي فوق طاولة المطبخ.,22256,000000022256.jpg
شريط الإفطار ورف القدور والمقالي في مطبخ حديث,22256,000000022256.jpg
وعاء كبير من البرتقال على طاولة خشبية.,26764,000000026764.jpg
وعاء خزفي مليء بالبرتقال معروض على طاولة خشبية.,26764,000000026764.jpg
البرتقال موضوع في وعاء أزرق على طاولة خشبية.,26764,000000026764.jpg
وعاء متعدد الألوان على طاولة خشبية به برتقال.,26764,000000026764.jpg
البرتقال في وعاء أزرق على طاولة خشبية.,26764,000000026764.jpg
عدة برتقال في وعاء على منضدة,26764,000000026764.jpg
صورة نقانق مع جانب من الخضار,580172,000000580172.jpg
طبق من الطعام يحتوي على سجق كلب وسلطة.,580172,000000580172.jpg
صورة مقربة لطبق من الطعام مع نقانق,580172,000000580172.jpg
نقانق مع كراوت حامض مع سلطة على الجانب.,580172,000000580172.jpg
هذا طبق مع نقانق وسلطة.,580172,000000580172.jpg
أواني الزهور موضوعة على طاولة بالقرب من نافذتين كبيرتين.,106660,000000106660.jpg
وردة صفراء طويلة في إناء أزرق طويل,106660,000000106660.jpg
زهرة واحدة صفراء ذات جذع طويل داخل إناء أزرق منحني.,106660,000000106660.jpg
زهرة في إناء ونباتات أخرى في شرفة مغلقة.,106660,000000106660.jpg
مزهرية زرقاء بداخلها زهرة صفراء واحدة.,106660,000000106660.jpg
